User_ID,Similarity_Score
AK0H0GRSKKOBO,0.890936304955317
A3IY9HIAMJQ7HL,0.8709137565823306
A1IPYBGXRLS6MX,0.8693821114365573
A3QOQY24XUTR28,0.8655693027399448
AD5R0C4EO8M9E,0.8393043164209456
A36XJ5PAWMXHCV,0.8231053985769188
A1NQFV0KQPM366,0.8209316748152384
A1Z0KQUE6A5F9,0.8117068709492741
AIYB8FUXTF365,0.810555852145407
A368R6C5ZEO71R,0.8056681145243415
A3837D2JE16VV4,0.8019443932342353
A3BOOKRS5ZP3C0,0.7966799630063021
A2H1Y7ZBZ5T5RK,0.7816266054655864
A3P6CNMHR2QHA6,0.7784108365531749
A11N3OBQ69FWWS,0.7699378320742045
A1SDLTS9NX8FU1,0.7686682358788155
A1KNYQPZ1JQD62,0.7677975472228509
A5LWPQ0QOMJUJ,0.7651636398704622
A1P8K7Z2MH7N45,0.763703974856945
AOS5QU6ESIVH7,0.7609781803160323
A3EEKCGMZ2UQUE,0.7592555122772869
A3P9S4BNKUQTN8,0.7548040470133196
A2AZUXDVXH8I9Y,0.7543785687843795
A3RD7EBN2R05AU,0.7509705918014957
A1DBDCQASEIMDW,0.7489611445339361
A2IEPBNFEP5WET,0.7476993200315056
AKJVEVCNRFEH9,0.7406718658389946
A27NZDGOHSBIWH,0.7403518285380946
A1UODWQ2K6DFXT,0.7362127851379991
A24VC4AAML4CN6,0.7353064334854981
A3U4QDRXBFJ28K,0.7344868346573543
A1VL4IHJN57KSK,0.7324350921881793
A2MHUU86G2M1LD,0.7270589026047541
A25NLJU2DAJV11,0.725474880217927
AEN6Z8ZH80IB5,0.722698347723356
A3TABK9RBNMVHG,0.7208625108160058
AH0AG1JFF0Q2N,0.7189282674995705
AJGAZZE3HWAT2,0.7186790349257617
A1M11BADP37BKF,0.7170194684940426
A38S8B85C5WGAY,0.7152088469070585
AODPUCXAQ1FHD,0.7132454793170974
A1LMH3D9Z7IW1H,0.7103778623646634
A2YC5ZB80HXKNS,0.7100379673616397
A2ADCQKOPLX63B,0.7066098766759945
A12AHK0NQ5SQHH,0.7020256190811962
A3HD1C4H9TXL79,0.6841719618986346
A1VY2GRZAG1H6Y,0.6749055130470205
A17LU2UW3VWN60,0.6740158741283088
A3GP0OT1V0LFEG,0.6633390990856093
A1WUSM5U3RQELL,0.66171998009832
A1S4Y9XTBI4JEO,0.6609957019459177
AF27UMO30XFMB,0.658776453924609
A1570ABVYHMM3H,0.6564407611415247
AK10XZKJ160B9,0.6561564316546638
A3230AK7THTZUV,0.653281812256491
A21UKBX45GENSW,0.6509472200159307
A38ZGA4I90MM8Q,0.6494508849763685
A3CMDR34KFLGFX,0.6485875488407895
A1X3AM904OIM4X,0.6455728068692149
APB81XBBWLJ5V,0.6415162489571654
AH117ZCSYX7FH,0.6310975373337127
A2FD49OIFUN12M,0.631017170295299
APGJXTZVV4JXN,0.6305483703085635
A1RBJRS5H2YSEE,0.6247887960885381
A1D5A3FF8MH19F,0.6229435670587375
A2YSTSG70INYC1,0.620262062099064
A3IL26VFYUWF59,0.6191329344942383
A3TTCIWET3HYQH,0.6188944630797468
ASMBYX11IUPJR,0.617637528844063
A314S6XWC9ESK9,0.6121197077062861
A39S5DHD7KI1LM,0.6119435000797059
A354FGSCYXYWPE,0.611600288818736
AI666X3IN3FSD,0.6098259644349475
A3ESTWDBNOUJQ7,0.6094640743910058
A1G2T0T5COZOC0,0.607842454170926
A5YF77DUENCZW,0.6073442922988934
AF5ANUJ6M96YH,0.605794275209313
A3VM9K4M0RQZRQ,0.6036352578194337
AT1BY9S4DM71R,0.59999500404218
A1A28PNU23HNPR,0.599849850536171
A33UBKJLLXGG7Q,0.5995631016887734
AKL0MW0YCIZJ0,0.5982680018818316
A3D2EOELQ5S4WX,0.5961869564642086
A10HGE7LJ8EQA8,0.5960524234060862
A31C04RT5B3UVZ,0.595930090243836
A1QZTLTAZXU77,0.5917209586422516
A3EOYPNWMICVPL,0.5908637104858584
A1SFMUVCWQP9ZG,0.5906939748318271
A1ERDWL59TINY7,0.5894879062767713
A1AY8TQ5Z40HR8,0.5853108881200603
A3QVKHQTSENQA8,0.5793086332456832
AD840POM2HC9A,0.5778278010643354
AVDQZPEXCB8X2,0.5778090368487201
A3SDKP5Z9IV6S3,0.5776156299095858
A2D63SHGFMPNK6,0.5743724389216511
A3RLNPQFXW3I42,0.5704888289514829
A2CK5SWD721DPC,0.5699719659000171
A1DUZQD82F2RIC,0.5682693885082334
AL4D87ZLRYTWV,0.5674868035096166
ALUHHQV1RYYK4,0.5663090108622387
A2RL0I88E0TFFE,0.5658170717971535
A3U3EO4A0B9YC5,0.5646064904421579
A39SZ4B8TRX9E9,0.5643804695134433
A3VZ9250PNV23T,0.5642571926541028
A2CGCJ4F8T4EO0,0.5636270153862882
A20XWNBOPDKCYG,0.5602811212709242
ALF0HXDJGI984,0.5588934645649476
A1OE2L4S9QNN6X,0.5587840490921303
A1MAYA1D2B5HCN,0.5585074168428965
A2YCT2APE07NRO,0.5582135826544936
A2O91ZTFWR215P,0.5561370098000176
A3IEGSMH1YZJX,0.55523134763811
A1B4K33R2NJ6B7,0.5540072877165827
A2BE3MTUT0YBF0,0.5514036442371394
AM3TBMBGRMLUU,0.5472539498339695
A3SYZTIIYOOT8A,0.5465216308079083
A1NW9MUO9N09US,0.545865711089358
A3QS5UV4968O7C,0.5449196153695604
A2ESXCUYJ41YYJ,0.5448986269885092
A2H4PSD72GZDZ4,0.544844901482572
A1FD8VA72X0EDV,0.5437992926380466
A2NZUAJ8ZXRJ66,0.5379863677756549
A2SBXQJ7PF3YGQ,0.5374113788340045
A2NQTZEM32F9H6,0.537143914356021
A2T0HNDKJ56H6V,0.5369314942987249
A1NNSHO2QV6CH2,0.5368410487582083
AZRBA81ZG2PER,0.536605593419817
A3BVT8LN62NBP0,0.5360972221999898
A1BTXVZBWLDC90,0.5351319284089244
A3IP4GMZYNKCF6,0.533370909905613
A32BM1CZ627MVJ,0.5317704579854958
A183THTONNNESL,0.5308186462059783
A3TI1WDAEOTD0I,0.5307229233428976
A1XQKIR6P74PAH,0.5297880117065232
A26UJ99LFX0R5L,0.5287458846134215
AQXT1UD6U6QCG,0.5287283826206608
A1OP8DQ4PTQITR,0.5286825342606464
A3O9HF7IXLMGDN,0.5284624361818006
A3DBZ5YXW75NYA,0.5282711457690141
A1Z1WLK39TMFBG,0.5255086026834794
A2MZ6SXUDCSQRG,0.5253271786978446
A3IH7TYUTZCPRU,0.5242772643835897
A3CW0ZLUO5X2B1,0.5240298011137049
A3A57GX8FJ4QNQ,0.5240208428557271
A3VGRJR7LNAKZN,0.5234476348471866
A2OYT6UXIH4WSS,0.5202123208237128
ASVUBBULJUZ63,0.5191712952319131
AMDBD6CLYOS6W,0.5188705763876684
ADS5APY1NKTL4,0.5187854867523001
A2PHALX486KSPM,0.5185361807858794
A9NU8CFNVEJCM,0.5172794150609875
A1RY96KKGQ84EE,0.516796662769883
A24AKH6PXT116R,0.5166757747707539
A3AGJD7SXDBF3N,0.5147756325334716
A23SGWPQOSN63I,0.5140771205269343
A1LEYLI0BCE0YR,0.5138048200411401
A2DO8HH8GBK76E,0.5136036871690498
A3TIENRAOCCAL2,0.5134900733247924
A3JO76ZV70HAVX,0.5121357000237655
A9VHLYHEWM37E,0.5103526792690327
A12EJDWH8Q0ANH,0.5089675210632002
A364752163PFL0,0.507610818903395
AKG4Y64RZ1ERV,0.5059755686854182
A2V1ETGEKNTHQE,0.5048923434461134
A27PN5ZRKB631V,0.5039505164593192
A1W2MG37W4XB3O,0.5015866568940471
AL7XUX34P7B87,0.5013158086909285
A326WLRY0P9FBV,0.5007523159791392
A2E0RW04ZJVR0A,0.4981804084508248
A3HM4Q4X7TJ41V,0.49717908012541556
A3M43O5LMGVPRB,0.49682716633253643
A3CMBEN7YJ7JKQ,0.4958171820333089
A1DFFIN4B4TZZO,0.494284811489745
AL4N09PZZ7IIB,0.49400277285331723
A25HXZYBETEVW0,0.49315415945347796
A9HZ1QUGDOFT6,0.4928451978594348
A1H3THD1XRMW8,0.4924652579121358
AC94ZJ5DPERGO,0.49242338785409495
A344FQSEVEAG75,0.4922519345576155
A2DBNCQN6J8R9J,0.49192980723992485
A3VYAQT6XLWZWU,0.490808139578291
ACDU7NTOLYUNJ,0.4906499070277963
A9EURDHZUN7ND,0.4904953647911957
A203FQ3TWCLY0L,0.4890092007184812
A15HI1HDAU7SPR,0.4885252920780162
ASQR09MH4GB1C,0.4879055878796241
A1YM90PT8Z1CWC,0.48761054423644146
A8AXG5RUAVYL3,0.48739299761585037
A1Z0B4NA1QO7G0,0.4865731049736918
A2Y9SZFGY68RV5,0.4864706456310639
APCK3XVR8EIL9,0.4860022543124588
A3FL6CIO8QIJ2F,0.4859748891053699
AFQLT92NXQPRK,0.4859460395018264
A2QJ84MS245HQL,0.48584238571751776
A3VS7IWZZ1K6UK,0.4854932595543393
A3V0SIU4VW98,0.48510844474374176
A16LV2MK30GX1J,0.48505147170733093
A3KEBN4BVQGRLV,0.4845430545327935
A2JJSTD063JQSG,0.4814454375919217
A19A2H8AWUAM0L,0.480803526918006
A2HQK3M8NWI4Y1,0.480393821834296
A1IEJOPR3T86Y0,0.48024135637936105
AMDAEMKMM65WP,0.4796207313659867
A1U9ULWA5BFQU1,0.4793772591994294
A28QTJQNBIQZPX,0.47931180636272797
A26F0QHBB1NW3H,0.4788052400867219
AIAIA2L0HC35S,0.47856300994620643
A3TRP6BX0XNMQQ,0.4784674654716904
A1OHN08Q48NC7O,0.4781263000487926
A1J61RTXRIBMP5,0.4781063277904447
A1WZHESEKXF09I,0.4778908376956258
A3QMBUY0DSED2U,0.47787050515156754
A3BDJEW165ZXT6,0.47738271217834305
A3G6Z28R3RIMUT,0.4767565529995632
A2LNR9VCE3RYY3,0.47581429377724377
A3GDFQA7P1FB4X,0.4754693606512438
A2UO040HWOP0C2,0.4747520212076478
A2AP9414G211NZ,0.4744364720793771
AGR0Y8WTFHRCX,0.4743613957632639
ASAYMR93YHZG5,0.47402681336009145
A1GKATDZ70WG4Y,0.4735013906868822
A2LCGXEO7HBM5R,0.47334560464528197
A2H6I8RO9OHAP2,0.47303064989639415
AQR5ZB4BIJFLT,0.4728030603084245
AX3U85FYC7LRB,0.4726266458692956
A32CCSLZMFN020,0.47221217581728997
AL6G2NJC33JJB,0.4712118233103104
A3KDAC88FV2GMS,0.4705936942008747
A3DU6IJH1CEWNF,0.47049036172524494
AVFMNO930HKJ5,0.4702045174001355
A228SRMN7RV2N,0.4699141645916296
A3LM29NNR564RU,0.46834422851119806
AXG5I4CK8OQ2F,0.4681107579894918
A4RLUD8NRKOVF,0.46712815771816146
AL1SQ33KE2PCT,0.4667334420144692
A2YXFD60WCF5ZL,0.46665130809637884
A3MEQXCDW66642,0.4660940309832996
A2G1GJH3B2JM0Z,0.46607231244951564
A27G3O5CBRXG3J,0.46501380901096184
A31CKAT5L53VRA,0.46493077698625046
A2PD927IKWTRNG,0.4638352054691609
A3EBK445KB31VD,0.46311983927513806
A2ZX31T1YQPVU1,0.46142597366921945
A3VZTK3XEHN7T2,0.4606235155076115
AIGLTKLQP6HFN,0.45906189584202634
AC842CUBAW5Z6,0.4590557080371247
A8GCVYKML236J,0.458315708259615
A3D4NTNI49XEOV,0.4579001719090599
AFESIU7Y27R25,0.4578149347107164
A38RJL6DA0KA65,0.4577222531276368
A118DS9ZFT71KR,0.4575100439848593
A1GGH5URZCKJQS,0.4565199231241087
AHEX6TNYZA0Y5,0.45648727384226584
AF1QQ4PU31SHV,0.45573900381810817
A3DEZYGHWPIHM4,0.4543477360572334
A5VXYJ0FU0C1G,0.4542630895787064
A1FJSCNYLU4126,0.4540582596186479
A22HN0VTP9TCLJ,0.45402208867019156
A2GW5TTEKODNL8,0.45286396189228445
A3N1DMISW1JH88,0.45280136724874953
A1WNWGDWDBH88E,0.45278168706801736
A2Z1PQ0GCR25GU,0.45234666278542707
A1J1K3S5RLQCEM,0.45208104874331956
A24YHKCMAKTCZQ,0.45202815177757033
A3HISVPHKACNFE,0.45137396001447216
ARIVO46LV9N48,0.44968125210728294
A147W9G6HJB20N,0.4488766986357713
A3P7S1KBQ3BH3U,0.4483111959350406
A2GFYQD27R568G,0.44713281452946063
A1QOADDY34RQ9,0.44670505868004884
ARJT7QGL9IVDP,0.4453170934762157
AM5E53FMI5AKK,0.4452814310769375
A2OUXI87D0UR03,0.44464687309649786
A1CWZXG7JPULVP,0.4443557156887463
A15PPKJ7LIGBQA,0.4434775838894364
ATIUZXKOPTEIC,0.44285596035367775
A2JS2PPR6FW42E,0.442245483470171
A3VSDUEXDOY3DU,0.4413952948841142
A2XKSPQSPBSO9E,0.44110737588939786
A1W16J9R4DOBEC,0.4405802393039314
A2Q5RBKSC6KHXG,0.4400503875133214
A2W9MQ7HJY6TKH,0.43961317252029475
A21RF3DDGLD40Y,0.43892312868289934
ARKTOWXV7NRYR,0.43863184151406776
A3M3ANQJSHQQS3,0.4385124875406821
AYX1DZVLYWZP7,0.43816367232503106
A8SCX6VUTE05H,0.4378099360071621
AZX4W3CS3CB23,0.4376665059404452
A1CYZ85I9M5NXK,0.435242781073435
A2MERYBWEV2PLQ,0.4348767861867799
A3TQLPSGKG6X3E,0.43398205127665473
ANIISS282BPB1,0.4337619111127617
A20UMJVETOT2II,0.4334944262916425
A4507F879T1SD,0.43253288390501
A1QTSHJGGOGKOR,0.43099457043251926
AJCC7PGJWTO7A,0.4303543520622201
A2X4S47ZOSB6GI,0.4300764409810348
AFN8B72NZ2DHD,0.42951502257568563
A2HF4F5OUTO2KK,0.429425510959274
A3MURGBJG36KYC,0.428584129793568
A1RONNLOLLMDIT,0.4285687129609905
A11HJBRK5K97NU,0.4285321366401236
A1J1JLMKKD02CL,0.4281707724582043
A3RDAJMUMBJGBX,0.4280136470201933
AABLJYQ9ZYOSM,0.4277604920558533
A2S2RVRCW60068,0.4275322778172212
A3OSZMNBO13W93,0.42724563801043
A1MIYWGVFLVLM3,0.4260282435710298
AYSWJDTKN5N9J,0.4259652848476218
A25U2K34II1BFT,0.4256092671256018
ACWD9XZ6I6NB8,0.42512597905445815
A68O5QBM16ZXW,0.4245531893151598
A3SGJJPVYRU2UA,0.42417127458920806
A1QE4KVT9T53YK,0.4235359195912835
A14EI4LTAKUP28,0.4235324784231246
A1CHTS5F0FN5P8,0.4227633188094324
AUHTKUOOHG7S3,0.4227265264316288
AEVAPEHXQRIDP,0.4226792731742374
A25C2ZZ7WCJSSR,0.42267248913747035
A2IMX2K43G8EI0,0.42195456514433116
ADNZPI3NJ6FT5,0.4219390801066909
A3EHAXZYOIX64I,0.4218339787856333
A2YGBVYHILOREF,0.4210910846874978
A2877WXAPQ7T50,0.4205425336210984
A1PGNEIHKKAHFL,0.42000471075470164
A1Q7AF2OA9YI3T,0.41958187590669305
A1GP8V3WZY8DP9,0.4191060102853264
A1R7FZKGCUNDZP,0.4187157548551632
A18IROB5G9N6L6,0.4171048017614929
A2V0C5LIV1C9BA,0.41630222020519025
A125I6OBGX1VI8,0.4144929912301478
A2HYMN8YY2IRDS,0.41368720621043703
A2DUI0XYE1NT1S,0.41311771217996573
A3BHOM951PY42M,0.4131037283766789
A2N0V6GUH28XMN,0.41271900036091314
A158US790397BD,0.41258204207784865
A1829A05KM55Z,0.41186298899728246
ADPIMN0VSD83X,0.4113736793048817
A3L915Z02P4WDM,0.4103099767083548
A3MAROXCKBWMWV,0.41012694807209993
A309IBLJ7RKFDM,0.4095382810523127
A3R4CWCVTXDRN7,0.4094962668449305
A1LBIZLET9CW1I,0.4077713075519676
A3CDUO3WLCPZMP,0.4067884357268843
A36EDWL4F3AASU,0.4025497433938685
A267XT3BXRAYS4,0.40176748695434694
A1TNK97ZYJ6W6S,0.4016732379571695
A1BA11NUIYKO9C,0.40101488829910803
A3DBQ2R69CVM06,0.4008359696926553
A2E6PQ1WPYQ218,0.39927755338264764
A2IE41W4STOS16,0.3990828690569006
A3W1VCOR4O868R,0.3981544425258472
A3BJZRS6Z6E5PI,0.39799167596778834
A3Q3E21FARANQJ,0.39785078580685823
A18X6ZT4AEYVKB,0.3963407065553988
A12MKIN6FTAVKL,0.39598751608601773
A1AA6YCYJJOWEU,0.39588122487903254
A3E0962TERBW7F,0.3956420838512966
A1Q8CI9UMNUT0P,0.39560971136777306
AX0GV57BQ3T4H,0.3953106971046509
A3S2J0XP0XC73W,0.39530793580150136
A1XQ45SZLYKXDC,0.39527736675350106
A1VZAIM2B2KGLR,0.3951311038378804
AML8287U73R9V,0.3949923619124291
A2BXONVM5GCWQ2,0.39496924924099336
A31SDUROBOBUCR,0.39452964842318017
AOIQXY51I12F1,0.3937185176546213
AWXQ5QXBKXU7F,0.39336640326034944
AVUIE4Z8JHXWT,0.3930174886799429
A2LN2KTZ7SSVLJ,0.3925443482300361
A1QEZDZMUDPQMH,0.39247051671018357
A3JZJXR90732OD,0.3912929053724332
A3OEIQ11HYTHM6,0.3910512926703862
A2ELQF6RB9PIM9,0.39079533880006867
A7SC4XHK9XNHD,0.3903352399280154
A2BTXDKAS1BWR7,0.3899193452475268
A29SS7GR4SNK2T,0.38961070992206814
A1VFGEG8EMPMAS,0.3894573084481916
A2SA44PAGJ2K0U,0.3893966913832546
A2J655WCZH4FUD,0.38882418071318564
A2WIKOVO28F9DA,0.38881805975151906
AO706Z80OA9K,0.38866736114579714
A2Z7AYKNF95AK9,0.38845890366790237
A2VDQD3JBUCGI3,0.38808074312756713
A13C6NTJ3HO0FX,0.38766007332993563
A18GT7UOA49PE0,0.38740955014689715
A31PYWT67U3A93,0.38670002945495624
A1CG75D2Y7WIOI,0.3865977251511894
A3GB0U4NWQRWC9,0.3864829492697902
A1SUP9J7BNRHGW,0.3864164522794069
A2ZA2XGK148QLY,0.38487051377920206
A38H7D8U24ECFK,0.3844715037143154
A1G3V2XSTC4IP1,0.3839652113131007
AA1WS0IDYCBYK,0.3832238463943309
A2CCVZE51LNMHX,0.38295263617998
A2YDPLMJKGWWMR,0.3828969803792381
A7XTIZR24NL4C,0.3826244584145139
A5C6LI8YBLNAN,0.38259208448417653
A2BSYR3R6JNN0E,0.38229212491934633
A3D24WAGR0T51,0.3820013603873294
A1RXDSG1KL0XNM,0.3815873867229561
A36AGG9H9P1KSE,0.38113626614593804
A1T6ZJ714710X4,0.3803273735944855
AR3OJJ9LVGSPP,0.3800635470921459
A22GZPEKFVTBW9,0.38006317818543045
A2LGIY8MNOX1A7,0.37955420289370445
A16ZS3AK509CVQ,0.3794044145865989
A3KQI694I9KL5L,0.3793718595444485
A3KMKSFK5SJE4,0.37922566875633595
A3MG9CNWF17RUC,0.3788569392121911
A3S7PTOY7PYSOL,0.37844991247917265
A3L8FEG0U3UY2M,0.37796788740870113
A1A3ISSZM251NZ,0.37787439862048516
A3RW6WQB5VZXFZ,0.3773992248312322
A192NXERQ6IPOL,0.37734519822146856
A1O1NPXRJ0928X,0.3767217340470792
A3SW3SCPOEJUL6,0.37670267864113743
A1V5T9G3ENWYH9,0.37436175325827553
A3MF1RPPXYOQ32,0.37349332516848144
A15HAMEOLSWR7A,0.373394054656309
A1B1B68XXFLUGC,0.3728095874911147
A2LNEZD3YBO12O,0.3727550893386727
A1GCE3BM88LFFE,0.3724234682440637
A24N7VWTKLR3EC,0.3723543143688766
A2OFMUCRY0I789,0.37219777058287273
A74U90O56RX0S,0.37201972975272596
A32N2D0EVKZ39M,0.37091343092523527
A3N460UI6OLB2D,0.37019791833045157
A3LGNTK49DRLOM,0.37004506075416255
A3W527BN42AXN1,0.36996397440740386
A2EUONIB3H2WHM,0.3699375427051981
A3V60LOK78AFYW,0.36961984933072844
A2NLK5PNYP7Y2A,0.36942272357786754
A3PVEW4NZUSKB8,0.3691083678597377
A13S3XXRWQ9RUU,0.3690997492416209
AO0THQ0CAS5IM,0.3690698713900715
APO91TQ34RTU1,0.36885927688965836
A21ILDAXN1FL0A,0.3686936664650367
A2OMDT29QMLAWQ,0.36752636671806055
A1UFVMXM571OUE,0.3671935151129812
AOH3RIOG74DJ6,0.3669302294837173
A26VW0GBXA65DR,0.3655912638846165
A8EAVKWQUH7C7,0.36492328883484776
A12R3YGEHW7D8G,0.36438744670299744
A2YNL0PAKAQPRQ,0.3641840693082417
A20XLX8TWC8CSO,0.3634318844523613
A3T2VJPV97JDBW,0.36320032881349945
A3VA5D5GJPTRLC,0.3630000876099433
A1EEZGHATCXO9P,0.36256297018514416
AVX1C6H86OLQT,0.3619227701836268
A3LRL3ZX5RIEV2,0.36152249317445995
A28SN8OHE9CUKX,0.3614698854669509
A2JBRVWAZT7WND,0.3609529345625133
A1326CKJ4FZLG4,0.3606985382706546
A2748AP5BY6NU9,0.360635698395936
A363HKFJUQ1NHF,0.3605499816949255
A3NYIGMN9XO6CP,0.3603581125757842
A2DYN539QZ2YA8,0.358948581579129
A2AYVWC5FMAV9T,0.35845197946294616
A2EZP38KLCL8DB,0.3582115830765373
A3T6AUBPSA5D5D,0.3578921479954503
A1145359J63JJU,0.35776543224565605
AGNKV18Y7SHG6,0.3576876449478142
A22UHUH3B32WLV,0.3576244773928972
A32W8WR1QHAOP6,0.35734940938935156
A2AGZT91KB7IL3,0.35714795869663085
A2DAPMMYMQ2NPL,0.35640695738894934
A1GH646HGNHD4C,0.35625617027945844
A29RATMQFWDECV,0.3561702207838394
A3G3LITI9EWHPM,0.3560786777322293
AXT915PXH8DP4,0.3551818356920209
A18GQX0YEY1J0M,0.35506739150187827
A2VF7UWC1TRIBG,0.35502164791897384
ABRHNTJ0IJH7L,0.35485283637805964
A3UDXI1UAVUZAY,0.35414786418796385
A1W72T6SHROEKK,0.35359591970064885
A3HNPEFZFFLUHY,0.3531401497387692
A1GT5TH0LGAZ95,0.35288867598618817
AB4YW6ENQ8KV8,0.35256786413833757
A3SCPF63Z8GVXJ,0.3524621287220439
A39EGBEBK33PBR,0.3517497799431625
AI0JT1H585O9K,0.35169838510197526
A1O00HPJ60OU2K,0.3514939188018625
ARYKNMYUIQ7H2,0.35131558132288376
A18PHRALHBLMF4,0.35130163715770746
AO2KRILY7ABEL,0.3512967237627358
A1XGNXARDCONNA,0.35109198130409297
A1BBPRN4F9OXBY,0.35107844927313714
A2CBL6ZXFPTWXS,0.3509724120277551
A5UUKLEXZMJLQ,0.350845895180903
A3DKOZMYZZN6YD,0.35071712903053
AXO4PQU0XG3TG,0.3500240813613168
A1UHFH9CTOXABO,0.34986321602353365
A28M14UKMDYE4G,0.34946952736189296
AC7HTDXW0AC9C,0.34908554183458296
A1UWUCTAM68QRN,0.3488688437489474
A20KDVX7DFN0UL,0.34805475735849456
A13GFPB9VWNJL0,0.34796677847677376
A212PJW9VIKR3A,0.34791708549831474
A2ZWVFKKMQKV2N,0.3475359408326203
A36WX4VODRHEW2,0.34703467675963223
A34DR583EV8ABR,0.3470112327630837
A2GFL9KBXJC79L,0.3466671102585747
A3T0YPN7A88L9D,0.34602909747399785
A3UU1V0MP4I9GL,0.34565354023265804
A1MG6RCVAUDDPU,0.34564859757905186
A2FBMZEDWA8VWS,0.345585168040701
AWF6D0XQXIJCA,0.3445500852642161
AIK8GHH8DRMFL,0.3432837394682114
AX1JBP18RX6WW,0.3431143741586156
A3OCU2UDKQKW97,0.3424138740677735
A372AMMHIAIVQU,0.34214136010073104
A1UQ1KGLAYDOE2,0.3416931901765534
A2X2LC7CL1Y9KS,0.34154830253443336
A1NNR2WQ6OUSDG,0.34154466547293094
ATZJVQ1U5L3Q7,0.34146441969915686
A4KDRKRTRMH51,0.34090692485914986
A25RX293UY8M1V,0.34090427206777746
A28ETU4J2PG09N,0.34075925040681593
A1OZ3R75S8NAYD,0.3407416118283609
AD42OUI8ML7PY,0.3405561787396794
A12C0V1WFJG3HB,0.3396794118706401
AJM7IL5JRDTS1,0.33949295038998584
APDQ160I8K9ZY,0.33903068932681624
AY2MU7A52RHSY,0.33901274300186884
A16Z3HTUIYPDH8,0.337938461337245
A2PKMYD1U3PL6U,0.3377454813272146
A1OBYACTEXDKN3,0.33762077398361406
A1ADHCTT83EW06,0.33735110075479735
A2VLGDYI7S9ISY,0.33730465237099827
A2AC60JE8QH8UZ,0.33689178517878393
AX35AV9KLQPWW,0.33661886943063213
A30KSOJ4FGDNLQ,0.33650998619957545
A3E9KQ0H2QNH33,0.33634811524974323
A2C4RL7PIY8IF4,0.3357450271686467
A3JZGPHDBD5CMM,0.3346629874784511
A2916TBD8UON1L,0.334648233828903
ACV76DVAQFC9G,0.3346280855716504
A36MTABP6S7L1X,0.3343146760432381
A35CHV6Z75D672,0.33424282737273225
A20EGXO469AEQ3,0.334207205419498
A3KLFLK1GQLGO8,0.3339688822973683
A2NK4VYMFSUY7P,0.3339680087346884
A161A2BZ58MUNJ,0.33379243140264814
A2CUNL58Z9MMX9,0.3337845069468661
A2KV7JW8I1DM5L,0.3337809493272549
AUH5N8V1XHXC2,0.3335211698598026
A1XF5NVXUVGTZN,0.3334107085726739
A2FA2Z6E8LZB0N,0.3325186363033025
A3NJS3WPHYVA7E,0.3318914253787037
A21KQQQ5H5GR9M,0.33122217855557057
A383DUOX3SEVTU,0.33109186426021064
A1FT65Q22VCA2D,0.33080651716333076
A2SZXKV9Z0LX1L,0.33066784404211735
AJRDNJBUA5OYO,0.33009871541122704
A1RXVSBGGRKIIW,0.32981464465139904
A22ELGYX87SG0,0.3292901725099452
AV3N4YD8NXH9Z,0.32910995856681413
ANXE83U6YJMBJ,0.3290660816177244
AS6BAOTRYNEKS,0.32892481037085175
A2KH6S3HWS2TF9,0.3288763704742175
A3SAK9TQNSLAQT,0.32874313220038515
A1N5HHCFDIOFJI,0.3281036915893619
AB7LXK9GUNJH9,0.3277623371266266
A3J8ABVGK7ZL6H,0.3272844338571916
A28K07PPQ3X43H,0.326830028922738
A53993GT6FK1Q,0.32664581610078763
A1OS30OQKMF3SM,0.3264661427807331
A3PI6O5RQF35OA,0.3262788434572484
A2Y9A8RR4CAQIX,0.32611376441328654
A2D257JJTCKDKH,0.32543434082366324
A3QHRVKEHFJG8Z,0.3253275707894525
A2TVPIDNOLDYXG,0.3251587627856223
ARBKYIVNYWK3C,0.32504150014350686
A38D4JF839EV3J,0.3247915468400686
A1IYLF06F7PWAA,0.3247429791783532
A2D8B2F7C8PRI2,0.3246998173629838
A1PVVWCY6Z0F8U,0.32464781390247255
AZA571ZTJ2UQT,0.32462315623358073
A1IRDKF7VGGTEF,0.3243042673177363
A3GDTIM2SX2I30,0.32418311637364094
A2F5UZ7VZDORAR,0.32381030450448506
A7O05G42L82N9,0.3234992896054282
A3EV2X0J4Z77MW,0.323386123194772
A2BW4GFLW3YSKE,0.32319753700708725
A1740XSDBJICXX,0.3229976050760227
A20W95ZB4ZP5N,0.3223596931878136
A1ZGJHOJEPSQNE,0.3221884562676757
A3NNDJLZZ2I9F,0.32116271853176387
A8VKC7I0IV71G,0.3210136813088997
A3EPIX8BBBA5K2,0.3209060703193014
A2W9E0C1QMM6A3,0.32080202603762725
AR4RR42GOXOL7,0.32031739051330543
A2WGJR5KC38JNW,0.3197772487144073
AYOO12C9Y2T95,0.31975910036458277
A1SNRIKGEHK2FB,0.3197290983924178
A1L1GM88JCXGLQ,0.31963043014834314
A3DBKS6257OCJW,0.3195384141363119
A2JOTTF0HLND3J,0.31922517872301714
A22VA1RO7FC9DS,0.31911424815542333
A21GJ0DP99JD8B,0.3182261093975233
A2CURGGP8N7P4D,0.31799951244556823
A3DAH48KZN2T78,0.3177944398528721
A3TRED2IATTY3I,0.31764956626440155
A1GVAJZ823B34N,0.3170665877834026
A33I6UDTZCZQAF,0.3164505959082218
APCVJBKWRRATV,0.31619804578825883
A223J82C2YCYOH,0.3160954072140982
AYR0049I3E5UB,0.3157815315369714
A1BB5NP2P2HEYA,0.3154453942920135
ADEANIXD6DZ65,0.31532866883926336
A1BFMWEWDIHU1L,0.315264809619273
A25DP3DWUXSS48,0.31498730578840045
A10YG5BXSCPD91,0.31450938116305727
A3F3B6HY9RJI04,0.31447825284679176
A1ZCJBDNMZZGYN,0.31435237968807106
A2DNH5HPR18OQP,0.31349917368131874
AILI31O5KVSKK,0.31245591635337905
A120RH58WVY4W6,0.31211562199140486
ADRP1OAW0ZI2Q,0.3120191554057399
AZX7GXLU4FLAI,0.31171307057313313
A27LFNOWXL1I7C,0.31144677963728484
A2CXYO51NUGB1U,0.3113666377597387
A2Y85E6GF6Z6RU,0.31133974601777714
ALXIVAK87QUW,0.3112776837379888
ANQUZJKZVBQII,0.3112495395881029
A2PI7U6JSG4NMP,0.3109767897168549
AOTI3CIX0ORAW,0.3109537971404227
AVJZNPBQYC4PL,0.31090045068995625
A2U6GBLTMWMACQ,0.3106437512904397
A30PQ0X9PAHPOY,0.31056068079001126
A1P1OXF1OL6DTS,0.31036721607932644
A3KYQAQMSO8PX1,0.31011444123089943
AMQ2W98X97TM6,0.30996306270201984
A1QW7EP30UAWKF,0.30994987970719257
A9OU2SGPD4ZH6,0.30976964476154734
A3TLADIPPL90BA,0.30945365877954634
A3LPCNKUIKV4O9,0.30930483297320355
A25NP3DWJ94FDS,0.30846062135081953
A357SWZ1O4MFRS,0.308302845643041
A2BBQC6RHR1W6S,0.3082646930530392
A2WDA5X643S67J,0.3078668629672996
A20T52IO6W6L4F,0.3076602075282144
A3KA1BJ6054XFF,0.3074620719667349
A3T4XBD3BKDRB6,0.3073230240337522
A3EV1YFMIHBY3P,0.30720900288618763
AP5UOQ1F010V1,0.3071501259920936
A35PBET6ASHY7J,0.3067633700102591
A3ON1P7G5XE17X,0.3067328451118357
ARR0WLFQKAHYD,0.306612282060753
A21V3SBIUCWI3J,0.3065076950934186
A1I2OS2DRYD1DR,0.3054791048240821
A3QBQX74SD210M,0.30546364530849235
A34X9CNCIXWI7L,0.30540861683625825
A37U0AUYDK8R5,0.30500442987254317
A2FX5I9I1SJSLY,0.3047607077572681
A1VYWI7JRVAZM6,0.3047459777871849
A208Z8YCYB1FG1,0.3044048642197553
A2HDKWRT4CA6IL,0.3043180659481322
A20LS0RITRHTAN,0.3042087992379753
A2MSF0BYX2U54Z,0.3040633160061187
A29SJE9QDWS9AE,0.3039331573484086
A1ARYNFLB83Q1B,0.3039074311513599
A3940IGRQV6FQL,0.3034437407866413
A3F737Q4ROO9I5,0.30303343994688403
A3CI38KCX6IQC7,0.30281413593629913
A2Q6JDDARML5CO,0.30254149549297604
A3BFJSNCZFPV9Y,0.3022184488768477
A1OWP0WIYJELAS,0.3018117313477931
A2MJ5VO3ZFHUV4,0.30176316054365593
A33XVI31O4U4GQ,0.30175102492630324
A2FEM4D5NB6OYJ,0.30167069106877903
A1923RVDMG9DBW,0.30167034295039713
A38ZXGS6PQMA7O,0.3013961609815339
A2PD79N3G4OQLF,0.3012322786490765
A2XAHOAEEMYPIP,0.30087594077905483
A1JCPZJEGOQOUX,0.3007369289636077
A1HQP4YJLB3ZHA,0.30052616759265605
ASF9G05OT2B6D,0.3005079254565699
AZLNA5DTAVO38,0.3003464285503459
A2OF0BEG8YXG8N,0.30028430840948744
A1QBBI5BYRUN3S,0.3000136833142541
A1H3NLN5VU2W9I,0.2995552974509727
A2DEHBVZ3KKMI0,0.2993091508987559
A1Y25D0HYDZE06,0.29928707499051915
A5N10O3M26QOH,0.2992626376429972
A3NG26RAPT6POX,0.2992486810647413
A2GVRAAC4M637X,0.29903013856100447
A1M8VAR3XFONBQ,0.2988722067932991
A3F7U41ZW2FPE8,0.2987449861456122
A2WGHCMD3TA0TZ,0.2987400375309157
AW160OZM5WEPL,0.29872977968056774
A16LL87A55LU2Y,0.29863170406611395
A2DNMDHGAT6JZW,0.29858449562983524
A35XOHXGQZDRDN,0.2985111731721989
ANF3BKUMVZEDK,0.2980188443418673
AZYPOLLSDVG4K,0.2977971272279327
A3DRU4KMCUAS8Y,0.29774530176578323
AQNZKJN16R9V4,0.29760756021039103
AXNJY4K06QFWG,0.29744716786361475
AVTQB8FI2KW8Q,0.2972692389663295
A1O3PKMZLBRUQN,0.2968347308538321
A38O8ZYXYAL6WF,0.29633604659333734
A2HDYNSUN6JJUP,0.2963188642226663
A2ZVA0S1SD7HDX,0.2962605386586468
A36H5J91Y9HO1V,0.2961573210833106
A33RII6U1H9EV9,0.29614803430078945
A1GJR5BCAX97RW,0.29589648270999536
A27YXZS8KA3SQT,0.2958755519866113
A28LTWCS8RV0BQ,0.2958700580266058
A14YZ43JUA3ULY,0.2957299255101935
A14N4G2LODIA20,0.29550701027004517
A1P3SPJ15O5RQ1,0.29513177225421994
AZBD8BN3YO7A6,0.29472247945692537
A2II5J0XP8WN45,0.29463913538892994
A2XEAMJZEN2CZS,0.29461019018033696
A3QUO2RJQ2A4NQ,0.29418389335163975
A3P5GLO9V0XTOE,0.2939526408403449
A3RZ23VUW00A3F,0.2939127990168392
A6UMJST9VMY8M,0.2938946021436148
A5BAEHA3D8NCU,0.29360645031704347
A142HAT43L5W4W,0.29358766982589124
A1DX2P0TKQOMY9,0.29348178835714894
A2U75NJOJH4CN,0.29325462304770905
AEJIMMBX4VMS3,0.2929290224769162
A3DG78OW36FASC,0.2922348581346087
A2MN1D2IJW1O8N,0.2916794746343183
AHNMNYO3U7MFM,0.291526680449315
A10YBR8TO794IN,0.29144267125262485
ATZ2QEHHG0XT5,0.2914190502375541
A31UFA8DTI5R59,0.29127745009542827
A174ZAJY9Q416B,0.2911850385519056
AT7UTUQ2ECSOB,0.2909616796628245
A2X24M6ERNC3NG,0.2909215702540509
A2HB550T5ZDM6X,0.29087452317594653
A2B8JK24E72BS5,0.2906181399992819
A3V34YQOWJ4HR4,0.2904896948282459
AUG4R0VSF855T,0.29048959102465965
A2WJXL0U8EQ15P,0.2900969925082995
AB2ZIB3A2UE8W,0.29007198736525636
A218A7MPSZDNCY,0.28957446063742753
A2JUSG6SUGTSPQ,0.28930668495092116
A1OMY6CD1WX9RR,0.28912351206745684
A2EGT2OG37I2PO,0.2885730953658127
AI50C1O5UDADB,0.28855890963122444
A1Q6WSLCQZLUR5,0.28854363330600313
A13HNMTM5YIZ0E,0.28852065386897835
A1W6J6H7QIQC5B,0.2882353935130366
A3QK0YZD1YKOD8,0.288088705451587
A1DO9LRCO23EOM,0.287988554700068
A3C6YSJTG7NPC9,0.2877923231670274
AGBQJLG0ZU074,0.2876720784661659
A3MHFG9RDIQJMS,0.28750414112722267
A2C7M79A9NKF5E,0.2874760322795602
AD3J79WH30USD,0.28727456339526425
A3H6V70N8SCUJ4,0.2869686955485098
AT7BAYCP65QYL,0.28651834280297184
A2XOI5AK6WTHW3,0.286004764694902
A1D3P0DD6121R2,0.2857415273064753
A28FNKCGFS03VL,0.285166969783563
A2GN4BPR465KFS,0.28491096446301667
A1DU93GYAPFV8Y,0.2848871637744749
A2GUV6QYWPH7PU,0.28484923478667795
A15DTVYFPH5HY7,0.2846434790091922
A10DB0H2NZF11E,0.28446033553699335
A188F3JGOBEZX1,0.2843109278874814
A3PKTV1COPMTBB,0.28390835487297605
A1WNHVHSODVBU2,0.28387560721690586
ABH9K3OQOGBSX,0.28340243893227884
AHVL563X0USAX,0.28336392079972555
AHSF06670DDN8,0.2831540578017269
A2KGDH0818WBQB,0.28302794796284325
A33YP41PYX3WDQ,0.2827703034490882
A20QU7HLJEE7MN,0.28273153048192445
A2Y17Z5OJ5LHZC,0.2825931444619432
A2MC6P200KHJ2A,0.28236613966463525
A2MGZ8EXOM9V31,0.2822988100941615
A2VYJ3UYXJ311T,0.28213721298346195
ANQKDW47KA4ZG,0.28200622728143454
A3VB5MBDX6RC3X,0.28184916750480543
A1JCOF891H68OJ,0.2817084115715924
A1NDQZ73XOOX2N,0.28156366778509007
A2DKVN0DFW8FWB,0.28136940893624834
AFUIT5NVTFSG7,0.2811936879783271
A2N6PB2LG774ZC,0.28107106985727004
ARBORBMTIOJD2,0.28096335095213026
A2ORCX8XH0H1JR,0.28084057103726157
A34GXRESVD4ZXX,0.28071819645821816
A2XLYJIQHITC3X,0.2806349295708373
A1XYJCWQMY7HGI,0.2804930028571443
A2LX1IAHUWWUA7,0.2799355436801466
A2YO5MUQL6DXQT,0.27980505209294904
A2CYOHQMSG6J,0.2793624447883848
A3SCSESQGO6RQA,0.2793482842377299
A25UWXZ2A92OM1,0.2793034729668959
A3LX72I1CTYFUW,0.27921935995193586
A3K0KS34MKAEL,0.2791979803871428
A1RIKXU9XOQ67,0.2791193411774052
A2TEYFQQKTP9BL,0.2791128060710091
A2P6XD718DO6FT,0.2790977948705846
A2PQR2NXUHSLP7,0.2789945647546744
AB9EWO8ESOSJC,0.27858939018072687
AV3RNXJZ3SBZ8,0.27838258509075564
A1FR68QH6Z4YZM,0.2781522564324668
A1UWMOFWP3NTF8,0.2780529040635614
A1S8TW5I3OM511,0.27747716150988455
AEPZHX2K8C95P,0.2772368763449585
A1AQSIRDMTEA67,0.2770364942294357
A1MQHBOLQNMRAY,0.27680540474387544
A2SPANDNEUZ25Q,0.2764797081481499
A1R7F76G4IM5O9,0.27646244362153233
A1T20JYTUR9MIY,0.2764576658840676
A37AW6NH9JCM40,0.27641444891088507
A3L0VHE3W5XHSB,0.2762997293628685
A11E6DOG7XNI4U,0.2761990147275058
A28OZ3Y6MC711D,0.2757354863202417
A16698QAGQER6U,0.2756005002024323
ANEAAU0SFF932,0.27498330232335355
A331ZUPRPHE5D0,0.27462616281292135
A3CMIEYL0TJLC2,0.2741722870360119
A3G85GK9R259K5,0.27415850350901755
A343CR4VYJ0FCQ,0.27349481767729544
A3A8RU54IZ5CLA,0.27310915544780034
A3N9TSL9ZB4UR,0.27296086250816265
A1XCS1H7KELJCG,0.27271387714443085
A1338CTYKENQ4W,0.27240759707126794
A3CHNZYG5YD4L5,0.27234303697312834
AL9WBU13RZN4V,0.2723401190783513
AUDIKDYOX4D3H,0.2717108215361536
A3NZQ0KTNYMVGL,0.2716911090644442
ATIDIWJFL41W7,0.27164669953675397
A1P5732PB6K4M7,0.27164174557215537
A3K1EBH9PP8ENA,0.2716125533253605
A14EU2XMRSJ17K,0.2714131651321864
A2IRN73H4WPK6U,0.2713295772505987
A2YQVWSLS76Q3J,0.2710567477691282
AA32PEAGO9EJ7,0.27099217075308657
A1SIDCP6JUW37C,0.2709483443114625
APLENAG5MVPNB,0.27077262508091365
A27TT2BJ37T2CS,0.27050384039857583
A39HK7B1INNEC0,0.2704541819315184
A303ZDMZ79VR0X,0.2704461327459036
A358804PS62QT5,0.2703639851224764
A343264GQDQ8Z0,0.2703012179769324
A1P08A3G1VUBVD,0.2701041288674942
A2Q8SB6GUYJVUD,0.2700121377375946
A3JIH8AAZLQQ4O,0.26997134296216263
A2A6PPC5QQSD13,0.2695900564509263
A1RSVRAU9WGD8G,0.26933964172912306
A3EMTICWWRL6XU,0.2693000672101836
A25L547KQ1WV0Y,0.26874434983035805
A21MO19WDYSZP7,0.2686559998606518
AGORW2GE15KJ0,0.26835981099372885
A310KT1UQC5UNU,0.26806131162391367
A1ZJWJWVR4M7EG,0.2680406716661025
A9PJOPKPUJIBM,0.2679162812633183
A3RTB6ZI2GH89N,0.26790480680684825
A3C80DKT9DT2G1,0.2676307585984115
A1KYYUZ7CJAP8C,0.2675557691460481
AXW4K2INZUHGJ,0.26754385457784424
A1G6YDEKFVJSC4,0.2673750347538257
A2F8DA18B8FJDG,0.2673497154316974
A3HF7NQKOPQFGY,0.2668783705436377
A2F7JZBL2LK9XS,0.26686683081033846
ANYTUF0RT5TOJ,0.2665598492698649
A20173T9HDB759,0.266551590561121
A3HO0XCG4KZ16R,0.26626735815187125
A2F2O8CMZCLU9O,0.26621943470363696
A15E7T4Y0BAV2L,0.26567466345015694
AKV6JE85B1LMY,0.2655941708074079
A1G41M8Z7ABOB5,0.2653462017125051
A2AFLQHGK4117F,0.26532417349990756
A3ORPXSMMB8ZCV,0.26506783475043205
ABSMAC1Y5P9U2,0.2650618191379736
A1NY305D1WAUGL,0.26499340477689926
A2TJT5ULZFJ0YL,0.2649247043050368
A2SYVHSNX6YF70,0.26427424068240746
A2LF8JFHUUM0Q5,0.2642587948104415
A2355IDBJ4DJ64,0.26414054719191316
AF6D9KW8YWJA3,0.2641030370850383
A1SGEOH0O5UYC5,0.26407154162467117
A23EFZLEIZ0RBL,0.2639560740745464
A326QMT55QPCKN,0.2635414415993132
A2F0L17JPRRIF7,0.263344789810436
A27QZFQMCV70PM,0.26283806407551424
A10ADY0N5QKCHQ,0.2628218294566486
A1X7C3C0XILSVC,0.26249306768946473
AP3ESH7BJM3DE,0.2622988536309259
A1E83Q09A7R1NC,0.26225171414082926
A3AJIQEVA6T0GQ,0.2622110168014092
A251HNAGBEROK5,0.2621140089399638
A3VOG992FZH570,0.26197640215353274
A19EU77VL3SY2J,0.26091081418132234
A2PEODRM2OQJ88,0.2608170704068568
A2BO41VARYGTAC,0.2608076376461363
A8G58X2ZIUBX5,0.26071444579857944
A537P5U5J6PQ9,0.2603484370534638
AQOTLVP2V5W65,0.26032691701726834
A238FWM9874R41,0.26026820350682134
A2JZVWZOJ5J6JH,0.25988178146572516
A1YMLYUFF7VL6P,0.2598586955902109
A6KAKS4MSAJGN,0.2594385876586234
APVJ3TANQX8FU,0.2594134221776959
A31VH37CWG38JE,0.25930584040977644
A1E95VMJJZ7DLG,0.2591128809611896
A19MPP95N5DF9Z,0.258561267368982
A1XLPOHB0QCPOT,0.2581594432799122
A1DGWI8BBAKVIM,0.2579506526006268
A4T9CLMQMGX9F,0.25789402423593033
A29WYKYR3A6C96,0.257856661012191
A2CXOTV3IAH5TS,0.2577000321007874
AYOBDN3WZINT6,0.2576693713720742
A34YKHOG6DGIXW,0.25710432998628396
AVKYFZ2D6P5PK,0.2569188044942512
A1NO74JFBLP9PO,0.25674000289859417
A1LU39GVY9QVC6,0.25669778976417107
A18BJWN5T3X4HP,0.25666165962150345
A3TLNJ200N2JP0,0.256466914467682
A1A4CWU8QZD6QW,0.25643480487749504
A35DTWXW9DO8L0,0.25628718399319644
A2BHEPYIDR182L,0.25611825644744024
A1T17BYSWE5QBE,0.2559059353720243
A2RU9ASRPWBLG3,0.25589944764079553
A3GAS98T276O1E,0.25543715422115176
A1T1BUWPGKIYI8,0.2548854376677442
A2IXVMZBM54C4L,0.2547236553654376
A1IJBJLFFUTTZY,0.25461762938674853
A25IRT3US6CTXW,0.2545465233245984
AVWL0QJC0HMTW,0.2544587677029211
A3CQHZQ352LKAL,0.25425400131204146
A31L4FMN8FK96L,0.2541985805459538
ADHILVPL4OTZO,0.2541453879830817
A37BO9SDJF9LZP,0.25399458156498217
A58NEZYIIR2JF,0.25379320057031673
A9KAFYNGY1EGR,0.25357396293314155
A2YGZ5HH8NQ1Q8,0.25285905958593635
A1BHJOOMABSY81,0.2528079949863945
A16MXRFTZHDYRD,0.2526611419081735
A21NC9NUFVE535,0.2525477293156695
A29O0RTLQBLMYP,0.25222132279409903
A1J7PORAV44M4R,0.25195962090688845
A1DJDDPJP6THC1,0.25194869875516535
AITWIN9BE0L21,0.25192478299033993
A16QX55I5FUTP0,0.2517558154826326
AZ9VSHFW0PK2S,0.25146043025354964
A2W556IHVPZJVC,0.2512960415118984
A4RUP8VU3MGVC,0.2508938385245239
A1FYISSOJR0Z3L,0.2508808818216722
A2HLY9EPUUH1WH,0.25077365136361157
A1V00FL1S9N229,0.25071726572675124
A3MWARWX20HJ1T,0.25061934906060657
A1FBRG7TEDHF8J,0.25025529185436723
A7UJQQK9VQLXE,0.2501214855844625
A2A5LEWZ5D1AWA,0.24961682380036881
A22LR8QT9QZOVP,0.2494317809612156
AQFO8JP0OAL03,0.24900281846763703
A2XAJX9EOMX969,0.2488772537771768
AF74VPDSL69FE,0.24873892890579702
ALFMEPNFK32Z3,0.2485206342884303
A2VRRV9WDJYQFN,0.24848483096122415
A3EWLA1F1HFM7M,0.24817953152912467
AMP7TQRWAIE84,0.2480764569299144
A3SW8UX4L6JKDJ,0.24787064156849295
A3U17FQKMMBQF1,0.2476628507368428
A20O89YXB85DD9,0.2474925518706289
A1M379MK8MKGUF,0.24717971339575384
A1ECN924JG66L9,0.2470567568056528
A2E71UQ5DHQXOX,0.24687769241663327
A2N160B3VFV8AW,0.24645990801698037
A19VJ2IQLO50G0,0.24635759558980136
A2MZPDKJIDFX4G,0.24633444858215509
A3RUZVOBJC5VNR,0.24601832843428975
ACV2PASZ6E7F5,0.24598418157019775
ARS6FHFRNAUL9,0.2456270635149938
A1IQCQUA8Z8K5G,0.2454957032911258
A39SJQJYO2DV7X,0.24547241106612988
A2E7NQGN6YVG44,0.24521335608792097
A2FW7MRRN9J2GU,0.24492198767473544
A229NX5YKTDZIC,0.2448766420120489
A13UFV2NWMQZ6B,0.2448755352455304
A3DHMGQ93GIJCR,0.24473355186798212
A2M0R5SHEEDXME,0.24472672785165317
A3S95J6X9S897Y,0.24455707384968506
A10S4UO5V413Q5,0.24445160348497522
A2T70MZ9R9RV0W,0.24424936641171377
ASMF02QC2PSRV,0.24407446118164192
A117WAVHO1WAIE,0.24398785254555783
A15PZXBU8JJDZJ,0.2437247980057701
AI05O9ZISG385,0.24362082351609704
A24AJZ8ZQPK92G,0.2435981305648047
A2G40163IP6PSS,0.24356488335420803
A461VTLW9G9YB,0.2434904399427923
A191X00EZ9B7X6,0.24338101056537
A3D01MOJL4B6UJ,0.2433483721712702
A1WKP4FDHVHDTO,0.24328938176495252
A3RJL9VH4Z2PYU,0.2430263590892399
A1MSA79F5J0KXW,0.24297739924293574
A18UVXWYTULFEL,0.242957804355715
A3PRJ4B5BBCNNN,0.24273992717742748
A2VCJHFSXEOXV7,0.2426283784929349
A17SOUAJA0DQ6Z,0.242454691336157
A1ZB7LENP3V4K7,0.2424325704240599
A3NCUFF540KY1E,0.24233177532542063
A1OLF7JAVB69B6,0.2422433428146162
A2IE5VF6N4R2FU,0.2422230920236859
A3P7GIJ7XLPEWE,0.24213205709962132
A6ONOX7JTO9ZA,0.24204906099287715
A32EWRWZGMDH1U,0.24198766644434447
A1GAKF3270HPK5,0.2418590767584355
ADQ8DPPPS3AGW,0.24174804749963463
A2B0WD72NXO0F7,0.2417048021088701
A26NUN36R7KYMH,0.2416940624189721
A3T5WEYZM9U30C,0.24155115156382118
A27DR337ZXDNYL,0.24134696913315834
A2XPNDOHJBJW5K,0.2410528644469523
A10HYLEXS1Z9TV,0.24084756934668078
AGRBSAQ8XEIHG,0.24082765275506077
A2VAEIJDXYWU8M,0.24066536072692732
A3E390VRJQVF2R,0.24046211929964945
A1L13IAKBOU805,0.2403948565565794
A2SAKQ7M1KSBQ,0.24036289728822202
A3OO4WIO4SKD55,0.2403580750949159
A18XU3HSZ5YLQ9,0.2403195190736473
A12Z4MTMIX08EM,0.24010506131774784
AHRI53VT05B15,0.2399364016940463
A1N9TTRB2QB8NB,0.2399328118052051
A3E98R6OJVOWLX,0.23977519208700984
A1N5JM9QQ3JFSS,0.2397538438632166
AOZYVALWGGOMO,0.23959226691077412
ADDY7DKV3T135,0.23949795531155754
ATTG2MNUJWR2O,0.2393363039994829
A1JLFNLQ1XE1MH,0.23929583572372948
A1YCHB13QH6DYK,0.2391863420248756
A3EWYJXU7V4VA0,0.23911460309589677
A2YDSDW61A7JCW,0.2390349547835509
A3LRRX8M4T8FY4,0.23901194851040586
A1TK6SJIJB0FCT,0.2388704958797841
AXPAIEE0732A9,0.23879472039877642
AJZR37LXKSI7P,0.23815022060800436
A2D9HQQ7DOC06S,0.23805128117584817
A2ZGR3JZJI7FSM,0.2377108143212627
A13MFXK6S7VG37,0.23769527700585857
ALHVEH9POH57V,0.23769500010563654
AG2NAXM7BKATQ,0.23757064061581773
A293EHO7Y1LG3S,0.2371384706288559
A3FTZ47MNKO1CI,0.2369337079691837
A3TM7P9GGJ6F4C,0.23671063484774527
A3MSLF3DLKQSI4,0.23658000643335347
A1AAS8CXKBGRMV,0.23638202035744238
ACL5MIC0HFI9J,0.2359233117356696
A205K5U0M2K8QC,0.23588818586919802
A1QDOS1ODOLH3P,0.23574619502607333
A1ZERSCNHJTGRR,0.2355891554323328
A1SBOUSPSIAJNP,0.2355380688579734
A2K7GCHDI8PEDQ,0.23549718738630515
ABWNSBMXGS2M1,0.2354892761055913
A1PCC4CQBS55DR,0.2354588382642235
A1R9ZJDZKIUQQ,0.23543765126048943
A2WUXRICH8FQ4,0.23537011166977378
A2HHKXLV3Z6O7Z,0.2353336623944542
AK0CENM3LUM28,0.23509887236747395
A2PBHJ16RZZX9V,0.23499272127584309
AKU87CDPNQFJ,0.23495983156209305
A1BU53ZLZOWKNT,0.23491905637480576
A6PY4RPXL4O8I,0.23487518573868985
A31ZZEJZTIE8VM,0.23478111008911834
AJ4RIAWG3GQA8,0.23463971161818778
A7NB773T98WSK,0.23438536815970973
AAP67UVV2T3LN,0.2342419600348296
A1U1GMMEWXL610,0.2341856100861339
A3PJW5JV4DMWVE,0.23384484914873477
A1UHVZD5ZC29E0,0.23380975479471752
A19IBZGD11Q0XL,0.2335860698033905
A26MDD444A02X5,0.23358031148018588
AKB8X5WG9OA16,0.23351185802963326
AU7K2QVWDSTJE,0.23339812112544928
A23CTVUC8DBPIJ,0.23334497721464711
A19X5H7EHIYECD,0.23318554315417833
AK2320S02R7UD,0.23300647874036567
A3QIQLGUUKOQB0,0.2330028581306249
A22BUH6DJQ3JBT,0.23299295317573537
A8YC98UJE6HUM,0.23288161837963958
A2ANEHT4K0IR2A,0.23263843390585148
A2XLJCVDWMQYFM,0.2325850960008011
A3K0X0PQNGKS53,0.23255626259676157
A2NM6Z4B6VK4F7,0.23207660498558197
AFIX0GHKWKRAJ,0.2319595199841798
A2GRZ0VL1JKCB1,0.231889562658117
A28DT8S9KG44SX,0.23175166092228253
A3GP6K6OLMVJ6V,0.2315803094537476
A2GNZBWEYRJJO1,0.23120198076435755
A33SOVK7V6F1LU,0.23107303374408064
A3G70MTCD6HIIW,0.23103445305478038
A2QQ17FC2WV8OM,0.23100715333509722
A2JLKMCQC065Q7,0.2308653106577724
A5011NVCXD4HN,0.2307623374643262
A19HYHMG3YYEUB,0.23061237437753648
A36OCJ8OUG4S98,0.23050846150199555
AKSS684TUJQX3,0.230467071406143
A3MBW331646MQF,0.23021567964694434
A1Y55MSDVBJ31T,0.2301062174514515
A5W2DUJDIY3L2,0.23009954444319086
A1FW0RS12UDAZ0,0.2300959960606152
A1I81IIO97Z0XZ,0.22965091649114
AV4JNJANQ8ZAN,0.22952377686234227
A271O9APH0W3JP,0.22930772525949902
AX3A22D274GLE,0.2292052002795364
A12DZNX8QKMPMC,0.2291029602510525
A3QAT5JXG718XQ,0.22888926537499713
A2JA3WDBMU7CBK,0.22887567422727895
A22OCUZL10R66Z,0.22883225213969427
A1XAWBA11WMFAP,0.22882194585918075
A2O0YZZAOUTOBA,0.22872599430449292
A1IIUCG9TJFUWS,0.22834390328013948
A2AMKJZI7YZEWG,0.2282970148672131
A3EWZTGACNYNM1,0.2281471490397948
A1FWMGQW61OT8H,0.22810016739732208
A41RLT345QA6K,0.22800731265963034
A1PA7Z4K369H8J,0.2277900222137532
A1RWKI4KCX3K72,0.2276772655419735
A22A6S61KNKHEA,0.22760573087159738
A30I63XCPH0S41,0.22749064328517837
A1ULXTPY2R8LLD,0.22745068406281654
A454UHTW5YHLC,0.22743251953313118
A2LOKIBHDBBN8Q,0.227296307150643
AYZGBF42G0QLP,0.22704176564552025
A34TZ9Z6DEXZZH,0.22702503379288547
A2DXJCRPFJP0Y9,0.2269392665632624
AKAZT5193KFR1,0.22666779688995206
A3MXOOMIQWDORA,0.22665285670006774
A1P35L2L85YMCJ,0.226629824787847
A1W8LGW2E1BVIS,0.2265377765772827
ASDGJQJ30X20H,0.22653419654010282
A3I42IM47LO0PP,0.22652249082027748
AJMNKIEV6HMJX,0.22631384975088967
A3EZ7DIYBLOZRX,0.22626455571352957
AA2JSR95CS1AI,0.2261644063056904
A3C983W4DVFLCQ,0.2261030869689562
A34ZED9W06OMQ4,0.22589472343880526
AMEGMS866UZ6F,0.2255973494575286
A2J2JV8PYO8Z6D,0.225466905720088
AS02LU5CR8VJP,0.22515762408522388
A1IMS7UAW1N70A,0.22507964489217164
A1LG11VGFDAFY,0.2249016132581102
A3QE3KFPKO0VCR,0.22486432133427448
A2VVXMM2XG3LLZ,0.22479174753221812
A3J8SZL4IN1D46,0.22474998987218295
A3U6O84GRQI7JW,0.224624330531663
AIKI16QELDFG5,0.22444568619962185
A1C9IZGFRJIAVB,0.22432783999906342
A1YW0AMF0EJFZ0,0.22432433728593837
A3V80E4LJ7C36X,0.2242481060947838
A2UAVYFK0WQ36R,0.2242431203486949
A1O36GK0U01MLM,0.22404755462083029
AR4ST3VFLIR8Y,0.22403941060781038
ACPS3LG8Z1JK2,0.22399661017809153
A1S7B8FO69II4S,0.22394649338447797
A1LET625A2VX41,0.2237703265217927
A14X10E0033VRO,0.22373859304129926
A16MXI6KRMZVMC,0.22371946813043403
A3RDHSSNRB4Q60,0.22361448183646288
A3PLY18IYQLCK4,0.22328589866764229
AYGJ69VWZWS1W,0.22327554260628793
A31XTGIK42IZ11,0.22327247974142075
ADBYY8C0L46V8,0.22321005847178269
A117JFDHDIOZ0T,0.2230131463758292
A1IQTY6MQP0WR1,0.22300952981569722
A2K6RT4ET41MQC,0.22291100146523515
AXNMAV6G7YEG6,0.2228836809428785
A1NGG4Q2ZSRI4,0.2228171655140076
ANZ364G88TKSA,0.22281424853044057
AFBS79VHQ0WEA,0.22262379618000788
A1J7407TZ8GYDU,0.22248550796622502
A2P6QTBRBESF5O,0.22247494852448194
AYQX10ZUTBZMC,0.22246335029260203
A2X8HNENH4ZMUI,0.22245051731693952
A1U1EVJAMYPF15,0.2222573727858751
A3JVFMJNWG96AR,0.22224390405065958
A1OAZ3Z7L8Z88W,0.222069206728563
A1FTD9W4MWEAHP,0.22184015511920838
A2BH6YL4S1MY93,0.2214762798642258
A3LPA9D5IOQ1XY,0.22147404931366346
A25BAKMY14QG0P,0.2208711063128856
A3UOIA177NZ49V,0.22069533759497906
A17GZM1CH5XCU9,0.22011480061946495
A31U9P0JFTW55H,0.21976434212399282
A1ESIQN1BJH6EL,0.21972224966510445
AS0LVTBJSRVYR,0.21967517682093057
A29TL74WEE52V6,0.21956554101512968
A3QAVOMIQ5XNK,0.21946937440688086
A2YPV9J2PWRQHZ,0.21944452981313953
A2VVXJVNS7OLTV,0.21941536770057002
A2T09VT7R0PA4A,0.21934619192866867
A4V7FFTKI75YK,0.21932069361096648
A2QHVRUGQRAIHJ,0.21927335121648378
AY5Q49L2XIAKB,0.2188835020448252
A3844EH20ZBIG2,0.21879806182152006
A274A6A5S8OXKA,0.2187609365336927
AJ39VVR40MFLB,0.21839293478661956
A1HVTP58Q1CTJL,0.21829433327779874
A2P4GV9KZQN3SW,0.21827396592835988
ANOAFB0GOMU5C,0.21825152760064226
A3I0LR65EUVTTL,0.21804919487594654
A39MYWEXQ4ZRAA,0.21792402954197593
AE2HOE1DIGBMF,0.21789603642889502
A2G2JMZ5HD78Q2,0.21773185875897894
A94I7MKR5EXC0,0.2175629948294347
A3I9BI99P1MG5L,0.21749965861806378
A1PB4HWA042JG3,0.21745643547932783
A1VAU4V7HOE90T,0.21744699037464849
A1PQ1PESSO8CMO,0.21705759873725594
AF41BTPPUXYB9,0.2168079803748593
A1N3ZBC7S9WG37,0.2167691859435963
A1VC6419THHIET,0.21644572225501538
A3U2G3AZQYLNJF,0.21640209166186353
A1I9MEQLZMTOAS,0.21639670775528513
A1EM70V2QHYO82,0.21626642389662307
A1S9F5L9A3W4XE,0.21621995447138534
A1H8FPYHSJ6B5T,0.21617003300767035
A1C97RD7TJOCFH,0.21607851305406317
A3NSN2F784GPIF,0.21598257328953302
A3GU5YTM2N686N,0.21567581072845943
A1YOP33S9QMGG,0.21554134381646595
A1GQ4GI1UGS6YS,0.21548315744994978
A4M01GLNOVO70,0.21538940939906173
A3OITRNUELR82W,0.21499911018146378
A3SKW58FJR00LJ,0.21498410312430657
A36PK1YVRHHTHI,0.21479179226370765
AYPPS0BNSHNZU,0.21454304796886747
A2YEVEH4OHF1IX,0.21428729322658346
A2QQH28V1R1Y53,0.21421134497077965
A388BBBDNBU76A,0.21414839087635798
APVQY5E1BUEKA,0.2140031567811371
A20SMW90QNOJKY,0.2138270014937431
A22I670VTEZKUV,0.21379859978957583
A2N2XVMC29HJED,0.21379813466280417
AQAJWG4JA6L0A,0.21361205895084512
A2S4692JUQDC9,0.21352872985734728
AE9HSQ5XR80AD,0.21346946972876157
A22PZBENWG6IM0,0.2133733345905959
A208YP64N64SS6,0.21313148411242577
A122YCXCDMNEY9,0.21306888611009056
AK47LZJ4JGX,0.21305817918844028
ASIRGDJLW871F,0.21299139836252712
A24GANKHQ3C94Q,0.21295117040129563
A25WMDPFXUX5YL,0.21280938267595753
A3BIMAUO4JKCRJ,0.21271674618510925
A3IE9HT3TAOOJ3,0.21259309173157306
A1Q0HY8QB4AG25,0.2125857067833129
A1296VZUHO5Z7C,0.21234291571456537
A1B5HLE5JQ90A2,0.21227025717778358
A67YW05PO7C73,0.2122510744786012
AN5BWCA0MU1LR,0.21211119932880246
AOKITUE2V8AY9,0.21195319809006374
A1N5PQIDNWHWSM,0.21192282343371915
A3CMH63FV9I5DR,0.2119219778923338
A3AWB8K41TZQGX,0.21189708924742295
A2XBGW34SC9TM8,0.21145968418036581
A1LZ8B9GYLTNS1,0.2112661034317973
A2Z0AJ0UX2JFSK,0.211253035730529
A2WQEHIMV6XASD,0.21119893659714162
AZAW12EWF3O6G,0.21116159985403107
A39F6C6EHDZ7SV,0.21103912564165248
A1Z2JCHL7D79XQ,0.210897168151566
A2JR9SYLBHPG6T,0.21071975974157398
A3471M3LYN8MVQ,0.2106087544951745
A14U6KWVX399BZ,0.2105958452107037
A3K7LEJMNE7EOF,0.2104216859028705
A3Q4KAJT3P7ZHU,0.21021490145454436
AVWRL60HQU4K8,0.20989419744437177
A294C1V3Q0ICML,0.2096517112811796
A1280J82MVLUNH,0.2096469737763781
A3BXFHLVV3A91V,0.20956344552658196
A5VKAGKURFJ,0.20946966634699493
A6TLXHP0F1XT5,0.20924401745245982
A1XYM2XJEKC9ZI,0.20918430733843396
AV2FLVM0MAH18,0.209059946636103
A1R4HQIWADCTP0,0.2089907419361644
A1O6HQY3JLU5JG,0.20872078555090082
A1EO9BFUHTGWKZ,0.2086805883314004
A2FUZFBOOAO4VD,0.20850238042031632
A1A94GEEBWPG1Z,0.2082718534216721
AGR0LD8NNZATF,0.20819632049662132
A3I0CQIZIS2VKJ,0.2081322863447903
A3NEFNIJCHLFLO,0.20803386247751068
APQH88X7RT7WT,0.20792937354343796
A1987XBTRXZSNZ,0.207781662043443
A33PNAQ33DGBJG,0.2077222075681674
A8JY0FZLXHI28,0.2077114437518612
A2M3TT19H660NL,0.20734150965558298
AE9FAC6073A1W,0.20710942734225196
AF3QLJ0JIPK0Y,0.2071016424892179
A3IN19C0SSQDTF,0.20708738219165906
A3LVJWONFGC03E,0.20704515492958542
A23FRCZ4OZ3ZJ4,0.20684780475825382
A3TIQ523O0W6OQ,0.20667663791004054
A1RWNG4W5PRLPP,0.206625592989801
A10ZCV84M070HB,0.20662091894195933
A1SBWHO2ZRQ1W4,0.20653271847058235
A3K5TAUYDEWX9J,0.2064018583069222
AHCL1I9N5JBUF,0.20637508324491594
A3UL0IZE11VU8A,0.20629304498231954
A2RM3DG5RG4XAH,0.20627639198111447
A37M24GZ63ISK8,0.20623349324668544
AKNT0SBNN5YM8,0.2061995165846622
A2PRQCUNVUM160,0.20598016613687856
A1UIZP669O24NT,0.20543144167586747
A30Q1PK948KFZA,0.2054005824500043
A1AYCUJJAHYAHS,0.20507072827277156
ATMDDH5RGXUGT,0.20506325293162173
A2MRAJU0Z0496A,0.20501937084405836
A3E9J04X1D8VKH,0.20500519216391305
A1KE19CDYIO2YN,0.20500293072025394
A4RTYQ6Z0UFJA,0.20488126727966516
AJSBOV0V9R2TD,0.20484436936719316
AONBBH2KZOSFK,0.2048256895888724
A3UW0VF17YV95A,0.2047632068278804
ARWGJ3IV883CU,0.20455420984957462
A3EJBR2JOAOU5K,0.20453907321923998
A2BIO5G68XWND5,0.20451742923196714
A2N1BOWGW5F2RP,0.2044868479839019
A35KB92QULEQ5H,0.20391731192339047
A3UK6GD6L4GBRO,0.20388945022866478
A2CEUUD4H3JV8D,0.20386288194541047
A3LZW1IT1VT993,0.2038147016317693
A2CZ79IKGKL8UZ,0.20375274202823185
A1HBRMO4GD50X,0.2036099730798558
A3JVU4U2JOAJPY,0.20355052221475278
A1KXK4WR77CDHM,0.2033657703038466
A38VL5ODQ7CXZ5,0.20330794330539748
A7KA68ILUFPOV,0.2031173345253602
ATYYLHCE5JCY7,0.20286302352321586
A8SSQ3F61OD30,0.20275009630888335
A17Z9QGYK16B0I,0.20270730607942317
A1E23YTGHD2RD6,0.20264798856184107
A29SM9BXWMMRN8,0.2026193285755227
AG7SI3ZOXPH0K,0.20259859541126474
AK1O1SSMJMUPE,0.20256670142682545
A1DLLJH8KPJ9ER,0.20244181593444227
A2UDKT29ON9UZE,0.20242516913634845
A3JUMMIGJ7B38X,0.20203180984819882
A2Q6BSM7G7A2AQ,0.2020101472286204
ANOZARN8ZIT7V,0.20178926450860568
A2MYCWFRTOEU6Q,0.2016294046622076
AX63QEFAEBT4P,0.20158986705619078
A15V5JBZKQRFWA,0.2015650811407902
A329PQ0WJOIZL5,0.2014205175497784
AD44J46ASZDNA,0.2014191556330709
AALFVXQAI8C6V,0.20134202255515304
A24MA24TI2GJ20,0.20131759927428505
A31N9WJ1W1HB0K,0.20123948641993372
A132HDSAZWQVH7,0.20123549698230342
AB791WGE2I6JB,0.20117803148073227
A2HO91QUDTW8HJ,0.20108492753144921
A2HJ4ECBQB2F05,0.20097285155688477
A2SCA77AG7O8IK,0.20087459272390515
A1I7HLVM8OHMCF,0.20077789668740756
A3QXVM2U71DVPT,0.20074374729237865
A1J59X8BW1OX70,0.20067903087191452
ANOV2FV2WE1FG,0.20061867681851137
A2UFJ5NIT2RFCM,0.20043719903799567
A3GRU6DYI1O9K0,0.20039529066182205
A2UN5TKJR1H4HV,0.2001803557608855
A2M9C2VKEWMXRI,0.20007362658224243
AZ0SSVWBLQWLC,0.19988213335266586
A3N7F68HSVKMQ2,0.1998798554485834
AB1J0F8UWM6Z6,0.19984540498603473
A33FIU4CC9SH7P,0.19976170339265314
A11NCMBVWN14KD,0.19974911340046753
A2E14328HQW9GI,0.19971521661626973
A2PNAN94Q7P5FG,0.19928138258320693
A15JTJXQXO22JJ,0.19923793269101328
A32I21ZOSD1N7F,0.19917182852059
A4L30FEUIR0ZV,0.1990827852229267
A1203Q0HWECJXU,0.19902873058918963
A3DIPR56DLJMM8,0.19902794195182083
A2901ODCE3J5HC,0.19885881612891623
A2KA5OOLO7IKYJ,0.19877518342102596
A1PREFXIZPJCEG,0.19877031951668334
A1WS216SC5QOQ0,0.19876362658285737
A2UQGX6YMQ5BAL,0.19856565833394957
A3KBMS59165TUN,0.1984020750171525
AG9O59IAKJDOH,0.19838644219973642
A35IMJ44IJYK1F,0.19824087702502827
A28G6EOA3LGX31,0.1982104204390593
A23I4TZSZYSY1Q,0.19811986462890496
A297YUBAARRHVN,0.19801549638837057
A38VQ2TIPPBKNN,0.19766392384128878
A36CZGN9FBE0IB,0.19765753885353482
A1JFXUCXT356UK,0.19693436137466708
ASNJJCWIN3C2N,0.19665406435737004
A2YEJLD2ETKUP4,0.19662023686282687
A3CZ8189SAJR2U,0.19632642355263474
A2V7Y24YH0C6XW,0.19626622972060379
A228G4DP1IKEOG,0.19619490148005414
A3PZDCOCZ8P3C3,0.19608384933693868
A1ZNUOJK5V0N8V,0.1960275666681224
A13FWZR3XY1YZ3,0.1959955874389716
A2VOI85H5S0OH6,0.19566627448471002
A1H0P7ESJE2109,0.19550394616889888
A20T1MOIU76OL4,0.19532047675257466
A2EF1RIFSHFAUQ,0.1953151272828466
A13DZA3VOGESOL,0.19529695244779943
A2EIMKDUWRB8DE,0.1952857941209795
A2X5YXPSZK4JB8,0.19511043711667586
AD609PVD2C7UQ,0.19509824970955203
A1C20NJ1TUBPFX,0.19501827414828815
A3PX53QADUY8JK,0.19500677755031448
A299AG3O394X32,0.19499741649662655
A2KJ74RTEJ3RO0,0.19486360074259662
A2F4Z24LK8WJLQ,0.19472151366777285
APC4JUYCXC7XG,0.19457263955069076
AOUV9I3R3GR6V,0.194498757509116
A1LUGVFDKPE7N7,0.19447261514037548
A16P000CBOHP4N,0.19431265117890884
AU83NB10Y4AGL,0.19384477021983013
AU373JJVPGRD7,0.19365899328063976
A1GBVRPUHZRMYH,0.19334848451944664
A3QM06DR4MFUE4,0.19320495865007628
A49S23OY70M39,0.19302527680469153
