User_ID,Similarity_Score,Num_Common_Items,Discount_Factor,Discounted_Similarity
A36EDWL4F3AASU,0.4025497433938685,32.0,0.32989690721649484,0.13279991534643085
AMP7TQRWAIE84,0.2480764569299144,36.0,0.3711340206185567,0.09206961288120534
A21RF3DDGLD40Y,0.43892312868289934,19.0,0.1958762886597938,0.08597463345335142
A3KQI694I9KL5L,0.3793718595444485,20.0,0.20618556701030927,0.07822100196792753
A326WLRY0P9FBV,0.5007523159791392,13.0,0.13402061855670103,0.06711113513122484
A39HK7B1INNEC0,0.2704541819315184,24.0,0.24742268041237114,0.06691649862223135
AVX1C6H86OLQT,0.3619227701836268,17.0,0.17525773195876287,0.063429763846615
A35CHV6Z75D672,0.33424282737273225,18.0,0.18556701030927836,0.06202444219287815
A2SZXKV9Z0LX1L,0.33066784404211735,18.0,0.18556701030927836,0.06136104322431044
AXG5I4CK8OQ2F,0.4681107579894918,11.0,0.1134020618556701,0.05308472513282897
A3OSZMNBO13W93,0.42724563801043,12.0,0.12371134020618557,0.05285513047551711
A3EHAXZYOIX64I,0.4218339787856333,12.0,0.12371134020618557,0.052185646860078344
A1W16J9R4DOBEC,0.4405802393039314,11.0,0.1134020618556701,0.04996270754993037
A3W527BN42AXN1,0.36996397440740386,13.0,0.13402061855670103,0.049582800693775776
A2WIKOVO28F9DA,0.38881805975151906,12.0,0.12371134020618557,0.04810120326822916
AMDAEMKMM65WP,0.4796207313659867,9.0,0.09278350515463918,0.04450089260096784
A36XJ5PAWMXHCV,0.8231053985769188,5.0,0.05154639175257732,0.04242811332870715
A142HAT43L5W4W,0.29358766982589124,14.0,0.14432989690721648,0.042373478119200794
A3QK0YZD1YKOD8,0.288088705451587,14.0,0.14432989690721648,0.041579813157961006
A1NY305D1WAUGL,0.26499340477689926,15.0,0.15463917525773196,0.04097836156343803
A25HXZYBETEVW0,0.49315415945347796,8.0,0.08247422680412371,0.04067250799616313
A1SDLTS9NX8FU1,0.7686682358788155,5.0,0.05154639175257732,0.03962207401437193
A5LWPQ0QOMJUJ,0.7651636398704622,5.0,0.05154639175257732,0.039441424735590834
AILI31O5KVSKK,0.31245591635337905,12.0,0.12371134020618557,0.03865434016742834
A1D5A3FF8MH19F,0.6229435670587375,6.0,0.061855670103092786,0.03853259177682913
AO0THQ0CAS5IM,0.3690698713900715,10.0,0.10309278350515463,0.03804844034949191
A22PZBENWG6IM0,0.2133733345905959,17.0,0.17525773195876287,0.03739532668082608
AK0H0GRSKKOBO,0.890936304955317,4.0,0.041237113402061855,0.03673964144145637
A36AGG9H9P1KSE,0.38113626614593804,9.0,0.09278350515463918,0.035363158714571574
A3V0SIU4VW98,0.48510844474374176,7.0,0.07216494845360824,0.035007825909342184
A1VYWI7JRVAZM6,0.3047459777871849,11.0,0.1134020618556701,0.03455882222328901
A2O91ZTFWR215P,0.5561370098000176,6.0,0.061855670103092786,0.03440022741031037
A21UKBX45GENSW,0.6509472200159307,5.0,0.05154639175257732,0.033553980413192304
A3CMDR34KFLGFX,0.6485875488407895,5.0,0.05154639175257732,0.03343234787839121
A3JIH8AAZLQQ4O,0.26997134296216263,12.0,0.12371134020618557,0.033398516655112905
A3BEZFDYU1KM6A,0.17900998329573045,18.0,0.18556701030927836,0.03321834741570256
A2IE41W4STOS16,0.3990828690569006,8.0,0.08247422680412371,0.03291405105623922
A1XQKIR6P74PAH,0.5297880117065232,6.0,0.061855670103092786,0.03277039247669216
A2UQGX6YMQ5BAL,0.19856565833394957,16.0,0.16494845360824742,0.03275309828188859
A2YSTSG70INYC1,0.620262062099064,5.0,0.05154639175257732,0.03197227124221979
AVWL0QJC0HMTW,0.2544587677029211,12.0,0.12371134020618557,0.03147943517974282
AF5ANUJ6M96YH,0.605794275209313,5.0,0.05154639175257732,0.031226509031407883
A3P9S4BNKUQTN8,0.7548040470133196,4.0,0.041237113402061855,0.03112594008302349
A3CMIEYL0TJLC2,0.2741722870360119,11.0,0.1134020618556701,0.031091702653568358
A2QQH28V1R1Y53,0.21421134497077965,14.0,0.14432989690721648,0.030917101335988812
A15JTJXQXO22JJ,0.19923793269101328,15.0,0.15463917525773196,0.03080998959139381
A27NZDGOHSBIWH,0.7403518285380946,4.0,0.041237113402061855,0.03052997231084926
AYZGBF42G0QLP,0.22704176564552025,13.0,0.13402061855670103,0.03042827787001818
A1VL4IHJN57KSK,0.7324350921881793,4.0,0.041237113402061855,0.030203508956213578
A25NLJU2DAJV11,0.725474880217927,4.0,0.041237113402061855,0.0299164899058939
A1IQTY6MQP0WR1,0.22300952981569722,13.0,0.13402061855670103,0.0298878751299388
A3QMBUY0DSED2U,0.47787050515156754,6.0,0.061855670103092786,0.029559000318653664
A2GN4BPR465KFS,0.28491096446301667,10.0,0.10309278350515463,0.02937226437763058
A9OU2SGPD4ZH6,0.30976964476154734,9.0,0.09278350515463918,0.028741513431483776
A25WMDPFXUX5YL,0.21280938267595753,13.0,0.13402061855670103,0.028520845100901523
A2NZUAJ8ZXRJ66,0.5379863677756549,5.0,0.05154639175257732,0.027731256070910044
A26UJ99LFX0R5L,0.5287458846134215,5.0,0.05154639175257732,0.02725494250584647
ATZ2QEHHG0XT5,0.2914190502375541,9.0,0.09278350515463918,0.027038880949876155
A1IPYBGXRLS6MX,0.8693821114365573,3.0,0.030927835051546393,0.02688810653927497
A38ZGA4I90MM8Q,0.6494508849763685,4.0,0.041237113402061855,0.026781479792839936
APB81XBBWLJ5V,0.6415162489571654,4.0,0.041237113402061855,0.026454278307511975
A1O6HQY3JLU5JG,0.20872078555090082,12.0,0.12371134020618557,0.02582112810938979
A2V0C5LIV1C9BA,0.41630222020519025,6.0,0.061855670103092786,0.025750652796197336
A120RH58WVY4W6,0.31211562199140486,8.0,0.08247422680412371,0.025741494597229266
AMEGMS866UZ6F,0.2255973494575286,11.0,0.1134020618556701,0.02558320457765788
AL4N09PZZ7IIB,0.49400277285331723,5.0,0.05154639175257732,0.025464060456356557
A2CZ79IKGKL8UZ,0.20375274202823185,12.0,0.12371134020618557,0.025206524786997756
A1Z0KQUE6A5F9,0.8117068709492741,3.0,0.030927835051546393,0.025104336214926002
A3KEBN4BVQGRLV,0.4845430545327935,5.0,0.05154639175257732,0.024976446109937808
A310KT1UQC5UNU,0.26806131162391367,9.0,0.09278350515463918,0.02487166808881673
A1WZHESEKXF09I,0.4778908376956258,5.0,0.05154639175257732,0.02463354833482607
A2AFLQHGK4117F,0.26532417349990756,9.0,0.09278350515463918,0.024617706819579054
A2AP9414G211NZ,0.4744364720793771,5.0,0.05154639175257732,0.024455488251514283
ASAYMR93YHZG5,0.47402681336009145,5.0,0.05154639175257732,0.024434371822685125
A1P3SPJ15O5RQ1,0.29513177225421994,8.0,0.08247422680412371,0.02434076472199752
A2H1Y7ZBZ5T5RK,0.7816266054655864,3.0,0.030927835051546393,0.024174018725739786
A2ELQF6RB9PIM9,0.39079533880006867,6.0,0.061855670103092786,0.024172907554643425
A4KVXNCQI8A5Q,0.16714781098206083,14.0,0.14432989690721648,0.024124426327307748
A11N3OBQ69FWWS,0.7699378320742045,3.0,0.030927835051546393,0.023812510270336224
A1KNYQPZ1JQD62,0.7677975472228509,3.0,0.030927835051546393,0.023746315893490234
A1P8K7Z2MH7N45,0.763703974856945,3.0,0.030927835051546393,0.023619710562585928
AF1QQ4PU31SHV,0.45573900381810817,5.0,0.05154639175257732,0.023491701227737534
A16MXRFTZHDYRD,0.2526611419081735,9.0,0.09278350515463918,0.02344278636261404
A1DJDDPJP6THC1,0.25194869875516535,9.0,0.09278350515463918,0.023376683389654516
AHSF06670DDN8,0.2831540578017269,8.0,0.08247422680412371,0.02335291198364758
A3N1DMISW1JH88,0.45280136724874953,5.0,0.05154639175257732,0.023340276662306675
A24YHKCMAKTCZQ,0.45202815177757033,5.0,0.05154639175257732,0.023300420194720117
A2CGCJ4F8T4EO0,0.5636270153862882,4.0,0.041237113402061855,0.02324235114995003
A3RD7EBN2R05AU,0.7509705918014957,3.0,0.030927835051546393,0.023225894591798836
A1DBDCQASEIMDW,0.7489611445339361,3.0,0.030927835051546393,0.023163746738162974
A3EPIX8BBBA5K2,0.3209060703193014,7.0,0.07216494845360824,0.02315817002304237
A2IEPBNFEP5WET,0.7476993200315056,3.0,0.030927835051546393,0.023124721238087804
A20XWNBOPDKCYG,0.5602811212709242,4.0,0.041237113402061855,0.023104376134883472
A2LX1IAHUWWUA7,0.2799355436801466,8.0,0.08247422680412371,0.023087467520012093
A1MAYA1D2B5HCN,0.5585074168428965,4.0,0.041237113402061855,0.023031233684243153
A3PLY18IYQLCK4,0.22328589866764229,10.0,0.10309278350515463,0.023019164811097143
ARJT7QGL9IVDP,0.4453170934762157,5.0,0.05154639175257732,0.022954489354444104
A15PPKJ7LIGBQA,0.4434775838894364,5.0,0.05154639175257732,0.022859669272651362
APO91TQ34RTU1,0.36885927688965836,6.0,0.061855670103092786,0.022816037745752065
A331ZUPRPHE5D0,0.27462616281292135,8.0,0.08247422680412371,0.02264958043817908
A343CR4VYJ0FCQ,0.27349481767729544,8.0,0.08247422680412371,0.022556273622869726
A3SYZTIIYOOT8A,0.5465216308079083,4.0,0.041237113402061855,0.022536974466305496
A3NZQ0KTNYMVGL,0.2716911090644442,8.0,0.08247422680412371,0.022407514149644883
AEN6Z8ZH80IB5,0.722698347723356,3.0,0.030927835051546393,0.02235149529041307
AJCC7PGJWTO7A,0.4303543520622201,5.0,0.05154639175257732,0.022183214023825778
A1M11BADP37BKF,0.7170194684940426,3.0,0.030927835051546393,0.022175859850331218
A2SBXQJ7PF3YGQ,0.5374113788340045,4.0,0.041237113402061855,0.022161293972536265
A2NQTZEM32F9H6,0.537143914356021,4.0,0.041237113402061855,0.02215026450952664
A1BTXVZBWLDC90,0.5351319284089244,4.0,0.041237113402061855,0.022067296016862862
A3TI1WDAEOTD0I,0.5307229233428976,4.0,0.041237113402061855,0.02188548137496485
A2CBL6ZXFPTWXS,0.3509724120277551,6.0,0.061855670103092786,0.021709633733675574
A1Z1WLK39TMFBG,0.5255086026834794,4.0,0.041237113402061855,0.02167045784261771
A3AJIQEVA6T0GQ,0.2622110168014092,8.0,0.08247422680412371,0.021625650870219313
A2OYT6UXIH4WSS,0.5202123208237128,4.0,0.041237113402061855,0.021452054466957228
A2KW2KWKABNYNO,0.15980506920317145,13.0,0.13402061855670103,0.02141717422310545
A3EHHUDXBDKLFX,0.18806894356362802,11.0,0.1134020618556701,0.021327405971133074
A24AKH6PXT116R,0.5166757747707539,4.0,0.041237113402061855,0.021306217516319746
A2CXOTV3IAH5TS,0.2577000321007874,8.0,0.08247422680412371,0.0212536108949103
A1OZ3R75S8NAYD,0.3407416118283609,6.0,0.061855670103092786,0.02107680073165119
A2TTBO023PYYBA,0.10081574667909177,20.0,0.20618556701030927,0.02078675189259624
A1BA11NUIYKO9C,0.40101488829910803,5.0,0.05154639175257732,0.020670870530881857
A1WUSM5U3RQELL,0.66171998009832,3.0,0.030927835051546393,0.020465566394793404
A1S4Y9XTBI4JEO,0.6609957019459177,3.0,0.030927835051546393,0.020443166039564465
A1DFFIN4B4TZZO,0.494284811489745,4.0,0.041237113402061855,0.02038287882431938
A3230AK7THTZUV,0.653281812256491,3.0,0.030927835051546393,0.02020459213164405
AARHFHP17QFNG,0.1631174153291007,12.0,0.12371134020618557,0.020179474061332046
A1EM70V2QHYO82,0.21626642389662307,9.0,0.09278350515463918,0.020065956856387707
A1U9ULWA5BFQU1,0.4793772591994294,4.0,0.041237113402061855,0.019768134399976472
AA1WS0IDYCBYK,0.3832238463943309,5.0,0.05154639175257732,0.019753806515171692
A26F0QHBB1NW3H,0.4788052400867219,4.0,0.041237113402061855,0.019744545982957603
ATTG2MNUJWR2O,0.2393363039994829,8.0,0.08247422680412371,0.019739076618514054
A3MG9CNWF17RUC,0.3788569392121911,5.0,0.05154639175257732,0.019528708206813974
A3LM29NNR564RU,0.46834422851119806,4.0,0.041237113402061855,0.019313164062317444
A31CKAT5L53VRA,0.46493077698625046,4.0,0.041237113402061855,0.01917240317469074
A2PD927IKWTRNG,0.4638352054691609,4.0,0.041237113402061855,0.01912722496780045
A2GRZ0VL1JKCB1,0.231889562658117,8.0,0.08247422680412371,0.019124912384174596
ASMBYX11IUPJR,0.617637528844063,3.0,0.030927835051546393,0.01910219161373391
A3EBK445KB31VD,0.46311983927513806,4.0,0.041237113402061855,0.019097725330933527
A314S6XWC9ESK9,0.6121197077062861,3.0,0.030927835051546393,0.01893153735174081
AOH3RIOG74DJ6,0.3669302294837173,5.0,0.05154639175257732,0.018913929354830786
AFESIU7Y27R25,0.4578149347107164,4.0,0.041237113402061855,0.018878966379823357
A1IIUCG9TJFUWS,0.22834390328013948,8.0,0.08247422680412371,0.01883248686846511
A1GGH5URZCKJQS,0.4565199231241087,4.0,0.041237113402061855,0.01882556384016943
AHEX6TNYZA0Y5,0.45648727384226584,4.0,0.041237113402061855,0.01882421747803158
A2HDKWRT4CA6IL,0.3043180659481322,6.0,0.061855670103092786,0.0188237978936989
A5VXYJ0FU0C1G,0.4542630895787064,4.0,0.041237113402061855,0.0187324985393281
AJMNKIEV6HMJX,0.22631384975088967,8.0,0.08247422680412371,0.018665059773269252
A2Z1PQ0GCR25GU,0.45234666278542707,4.0,0.041237113402061855,0.01865347063032689
A363HKFJUQ1NHF,0.3605499816949255,5.0,0.05154639175257732,0.01858505060283121
A31C04RT5B3UVZ,0.595930090243836,3.0,0.030927835051546393,0.018430827533314518
A1J7407TZ8GYDU,0.22248550796622502,8.0,0.08247422680412371,0.018349320244637115
ABRHNTJ0IJH7L,0.35485283637805964,5.0,0.05154639175257732,0.018291383318456682
A1ERDWL59TINY7,0.5894879062767713,3.0,0.030927835051546393,0.018231584730209423
A2HLY9EPUUH1WH,0.25077365136361157,7.0,0.07216494845360824,0.01809706762417815
A1UHFH9CTOXABO,0.34986321602353365,5.0,0.05154639175257732,0.01803418639296565
A31UFA8DTI5R59,0.29127745009542827,6.0,0.061855670103092786,0.018017161861572883
A28M14UKMDYE4G,0.34946952736189296,5.0,0.05154639175257732,0.01801389316298417
A3IY9HIAMJQ7HL,0.8709137565823306,2.0,0.020618556701030927,0.01795698467180063
A3QVKHQTSENQA8,0.5793086332456832,3.0,0.030927835051546393,0.017916761852959272
A1PQ1PESSO8CMO,0.21705759873725594,8.0,0.08247422680412371,0.017901657627814923
A3IPADSXYJCYNK,0.1578506185858712,11.0,0.1134020618556701,0.017900585612830755
A1N3ZBC7S9WG37,0.2167691859435963,8.0,0.08247422680412371,0.017877871005657426
A20UMJVETOT2II,0.4334944262916425,4.0,0.041237113402061855,0.017876058816150203
A1VC6419THHIET,0.21644572225501538,8.0,0.08247422680412371,0.017851193588042505
A2X4S47ZOSB6GI,0.4300764409810348,4.0,0.041237113402061855,0.017735110968290096
A1J1JLMKKD02CL,0.4281707724582043,4.0,0.041237113402061855,0.017656526699307392
A2T70MZ9R9RV0W,0.24424936641171377,7.0,0.07216494845360824,0.017626242936927796
AESNHQLDPI0KB,0.17087775703971353,10.0,0.10309278350515463,0.0176162636123416
A4KDRKRTRMH51,0.34090692485914986,5.0,0.05154639175257732,0.017572521899956176
AL4D87ZLRYTWV,0.5674868035096166,3.0,0.030927835051546393,0.01755113825287474
ALUHHQV1RYYK4,0.5663090108622387,3.0,0.030927835051546393,0.017514711676151713
A30KSOJ4FGDNLQ,0.33650998619957545,5.0,0.05154639175257732,0.017345875577297703
AD5R0C4EO8M9E,0.8393043164209456,2.0,0.020618556701030927,0.01730524363754527
A1GP8V3WZY8DP9,0.4191060102853264,4.0,0.041237113402061855,0.017282722073621706
A203WLJ31GIUTB,0.18559085645140666,9.0,0.09278350515463918,0.01721977018621299
A3IEGSMH1YZJX,0.55523134763811,3.0,0.030927835051546393,0.01717210353519928
A3NJS3WPHYVA7E,0.3318914253787037,5.0,0.05154639175257732,0.017107805431891943
A3UL0IZE11VU8A,0.20629304498231954,8.0,0.08247422680412371,0.017013859379985116
A3LIOQ6M991VBX,0.14990661984020534,11.0,0.1134020618556701,0.016999719775693388
AV3N4YD8NXH9Z,0.32910995856681413,5.0,0.05154639175257732,0.01696443085395949
A237E0FTADYM58,0.09639950263132452,17.0,0.17525773195876287,0.01689475819311873
A3EJBR2JOAOU5K,0.20453907321923998,8.0,0.08247422680412371,0.016869201914988863
A2H4PSD72GZDZ4,0.544844901482572,3.0,0.030927835051546393,0.01685087324172903
A1TU1ZW2WXS8QQ,0.18151889199124444,9.0,0.09278350515463918,0.01684195905073402
A3UK6GD6L4GBRO,0.20388945022866478,8.0,0.08247422680412371,0.016815624761126993
A2A6PPC5QQSD13,0.2695900564509263,6.0,0.061855670103092786,0.01667567359490266
A2BW4GFLW3YSKE,0.32319753700708725,5.0,0.05154639175257732,0.016659666856035423
AD44J46ASZDNA,0.2014191556330709,8.0,0.08247422680412371,0.01661188912437698
A368R6C5ZEO71R,0.8056681145243415,2.0,0.020618556701030927,0.016611713701532815
A1NNSHO2QV6CH2,0.5368410487582083,3.0,0.030927835051546393,0.016603331404893038
A3837D2JE16VV4,0.8019443932342353,2.0,0.020618556701030927,0.016534935942973922
A15E7T4Y0BAV2L,0.26567466345015694,6.0,0.061855670103092786,0.01643348433712311
A3TRED2IATTY3I,0.31764956626440155,5.0,0.05154639175257732,0.01637368898270111
A3O9HF7IXLMGDN,0.5284624361818006,3.0,0.030927835051546393,0.01634419905716909
A1GVAJZ823B34N,0.3170665877834026,5.0,0.05154639175257732,0.016343638545536214
A2MZ6SXUDCSQRG,0.5253271786978446,3.0,0.030927835051546393,0.016247232330861176
A3CW0ZLUO5X2B1,0.5240298011137049,3.0,0.030927835051546393,0.016207107250939327
A3A57GX8FJ4QNQ,0.5240208428557271,3.0,0.030927835051546393,0.01620683019141424
A3VGRJR7LNAKZN,0.5234476348471866,3.0,0.030927835051546393,0.016189102108675874
AYGJ69VWZWS1W,0.22327554260628793,7.0,0.07216494845360824,0.01611266802313418
ASVUBBULJUZ63,0.5191712952319131,3.0,0.030927835051546393,0.0160568441824303
AMDBD6CLYOS6W,0.5188705763876684,3.0,0.030927835051546393,0.016047543599618613
ADS5APY1NKTL4,0.5187854867523001,3.0,0.030927835051546393,0.01604491196141134
A2PI7U6JSG4NMP,0.3109767897168549,5.0,0.05154639175257732,0.01602973142870386
AO706Z80OA9K,0.38866736114579714,4.0,0.041237113402061855,0.016027520047249368
AVJZNPBQYC4PL,0.31090045068995625,5.0,0.05154639175257732,0.016025796427317333
A9NU8CFNVEJCM,0.5172794150609875,3.0,0.030927835051546393,0.015998332424566625
A1P1OXF1OL6DTS,0.31036721607932644,5.0,0.05154639175257732,0.015998310107181776
A5MC7LP0ZBO4Q,0.17203728966234572,9.0,0.09278350515463918,0.015962222752176406
A1CG75D2Y7WIOI,0.3865977251511894,4.0,0.041237113402061855,0.015942174233038738
ADOO2BZJYUUJF,0.19267472353459486,8.0,0.08247422680412371,0.015890698848214008
A2BBQC6RHR1W6S,0.3082646930530392,5.0,0.05154639175257732,0.01588993263159996
A9VHLYHEWM37E,0.5103526792690327,3.0,0.030927835051546393,0.015784103482547406
A3MP9S24707YOS,0.16927760471072717,9.0,0.09278350515463918,0.015706169509242727
AOS5QU6ESIVH7,0.7609781803160323,2.0,0.020618556701030927,0.01569027175909345
A9KAFYNGY1EGR,0.25357396293314155,6.0,0.061855670103092786,0.015684987397926283
A1T6ZJ714710X4,0.3803273735944855,4.0,0.041237113402061855,0.015683603034824144
AKG4Y64RZ1ERV,0.5059755686854182,3.0,0.030927835051546393,0.015648728928414995
A1BHJOOMABSY81,0.2528079949863945,6.0,0.061855670103092786,0.015637607937302754
A3F737Q4ROO9I5,0.30303343994688403,5.0,0.05154639175257732,0.015620280409633197
A1I9MEQLZMTOAS,0.21639670775528513,7.0,0.07216494845360824,0.015616257260690679
A192NXERQ6IPOL,0.37734519822146856,4.0,0.041237113402061855,0.015560626730782208
A2AZUXDVXH8I9Y,0.7543785687843795,2.0,0.020618556701030927,0.015554197294523288
A38ZXGS6PQMA7O,0.3013961609815339,5.0,0.05154639175257732,0.015535884586677004
A1W2MG37W4XB3O,0.5015866568940471,3.0,0.030927835051546393,0.015512989388475685
A2OF0BEG8YXG8N,0.30028430840948744,5.0,0.05154639175257732,0.015478572598427187
AAHGICDEAR5AQ,0.1500871685558723,10.0,0.10309278350515463,0.015472903974832197
A1QBBI5BYRUN3S,0.3000136833142541,5.0,0.05154639175257732,0.01546462285125021
A5N10O3M26QOH,0.2992626376429972,5.0,0.05154639175257732,0.015425909156855525
A3BIMAUO4JKCRJ,0.21271674618510925,7.0,0.07216494845360824,0.015350693023667676
A15OPTY0LXQBCF,0.18594759233690603,8.0,0.08247422680412371,0.015335883904074723
A32N2D0EVKZ39M,0.37091343092523527,4.0,0.041237113402061855,0.015295399213411763
AKJVEVCNRFEH9,0.7406718658389946,2.0,0.020618556701030927,0.015271584862659681
A9HZ1QUGDOFT6,0.4928451978594348,3.0,0.030927835051546393,0.015242634985343345
A2NLK5PNYP7Y2A,0.36942272357786754,4.0,0.041237113402061855,0.015233926745479074
A1H3THD1XRMW8,0.4924652579121358,3.0,0.030927835051546393,0.015230884265323789
A9EURDHZUN7ND,0.4904953647911957,3.0,0.030927835051546393,0.015169959735810177
A24VC4AAML4CN6,0.7353064334854981,2.0,0.020618556701030927,0.015160957391453568
A3U4QDRXBFJ28K,0.7344868346573543,2.0,0.020618556701030927,0.015144058446543388
APCK3XVR8EIL9,0.4860022543124588,3.0,0.030927835051546393,0.015030997556055428
A3FL6CIO8QIJ2F,0.4859748891053699,3.0,0.030927835051546393,0.01503015120944443
A2QJ84MS245HQL,0.48584238571751776,3.0,0.030927835051546393,0.015026053166521168
A2MHUU86G2M1LD,0.7270589026047541,2.0,0.020618556701030927,0.014990905208345446
A20XLX8TWC8CSO,0.3634318844523613,4.0,0.041237113402061855,0.014986881833087063
A2WJXL0U8EQ15P,0.2900969925082995,5.0,0.05154639175257732,0.014953453222077294
A3T5WEYZM9U30C,0.24155115156382118,6.0,0.061855670103092786,0.014941308344153888
A2JBRVWAZT7WND,0.3609529345625133,4.0,0.041237113402061855,0.014884657095361374
A3TABK9RBNMVHG,0.7208625108160058,2.0,0.020618556701030927,0.014863144552907336
A1DO9LRCO23EOM,0.287988554700068,5.0,0.05154639175257732,0.014844770860828247
A3C6YSJTG7NPC9,0.2877923231670274,5.0,0.05154639175257732,0.014834655833351928
A1JLFNLQ1XE1MH,0.23929583572372948,6.0,0.061855670103092786,0.014801804271570896
A1TK6SJIJB0FCT,0.2388704958797841,6.0,0.061855670103092786,0.01477549459050211
A3T6AUBPSA5D5D,0.3578921479954503,4.0,0.041237113402061855,0.01475843909259589
A38S8B85C5WGAY,0.7152088469070585,2.0,0.020618556701030927,0.014746574163032135
A3G6Z28R3RIMUT,0.4767565529995632,3.0,0.030927835051546393,0.014745048030914327
AJZR37LXKSI7P,0.23815022060800436,6.0,0.061855670103092786,0.014730941480907487
AODPUCXAQ1FHD,0.7132454793170974,2.0,0.020618556701030927,0.014706092357053554
A3GDFQA7P1FB4X,0.4754693606512438,3.0,0.030927835051546393,0.014705237958285891
AGR0Y8WTFHRCX,0.4743613957632639,3.0,0.030927835051546393,0.014670971002987544
A2YC5ZB80HXKNS,0.7100379673616397,2.0,0.020618556701030927,0.014639958089930715
A29SM9BXWMMRN8,0.2026193285755227,7.0,0.07216494845360824,0.014622013402357307
ANLYV7E27PQ91,0.14159996499524619,10.0,0.10309278350515463,0.01459793453559239
AK0CENM3LUM28,0.23509887236747395,6.0,0.061855670103092786,0.014542198290771585
A1BU53ZLZOWKNT,0.23491905637480576,6.0,0.061855670103092786,0.01453107565204984
A1O00HPJ60OU2K,0.3514939188018625,4.0,0.041237113402061855,0.014494594589767524
A2N98HLXPP8TP4,0.15598563668512871,9.0,0.09278350515463918,0.014472894125424315
A5UUKLEXZMJLQ,0.350845895180903,4.0,0.041237113402061855,0.014467871966222803
A2ANEHT4K0IR2A,0.23263843390585148,6.0,0.061855670103092786,0.014390006220980505
A27G3O5CBRXG3J,0.46501380901096184,3.0,0.030927835051546393,0.014381870381782326
A1UWMOFWP3NTF8,0.2780529040635614,5.0,0.05154639175257732,0.014332623920802135
A2ZX31T1YQPVU1,0.46142597366921945,3.0,0.030927835051546393,0.014270906402140808
A2SPANDNEUZ25Q,0.2764797081481499,5.0,0.05154639175257732,0.014251531347842778
A1I81IIO97Z0XZ,0.22965091649114,6.0,0.061855670103092786,0.014205211329348866
AIGLTKLQP6HFN,0.45906189584202634,3.0,0.030927835051546393,0.01419779059305236
A118DS9ZFT71KR,0.4575100439848593,3.0,0.030927835051546393,0.014149795174789462
A372AMMHIAIVQU,0.34214136010073104,4.0,0.041237113402061855,0.014108922066009527
A3HD1C4H9TXL79,0.6841719618986346,2.0,0.020618556701030927,0.014106638389662569
A1CE0UVWM31WEC,0.17097902642727866,8.0,0.08247422680412371,0.014101363004311642
A1SIDCP6JUW37C,0.2709483443114625,5.0,0.05154639175257732,0.013966409500590849
A3HISVPHKACNFE,0.45137396001447216,3.0,0.030927835051546393,0.013960019381890893
A1VY2GRZAG1H6Y,0.6749055130470205,2.0,0.020618556701030927,0.013915577588598361
A0072041HVZ3465DXUOR,0.16850959580731015,8.0,0.08247422680412371,0.01389769862328331
A17LU2UW3VWN60,0.6740158741283088,2.0,0.020618556701030927,0.01389723451810946
A1RSVRAU9WGD8G,0.26933964172912306,5.0,0.05154639175257732,0.013883486687068198
AM5E53FMI5AKK,0.4452814310769375,3.0,0.030927835051546393,0.013771590651864047
A2BH6YL4S1MY93,0.2214762798642258,6.0,0.061855670103092786,0.013699563702941803
AKV6JE85B1LMY,0.2655941708074079,5.0,0.05154639175257732,0.01369042117563958
A3GP0OT1V0LFEG,0.6633390990856093,2.0,0.020618556701030927,0.013677094826507408
A2SYVHSNX6YF70,0.26427424068240746,5.0,0.05154639175257732,0.01362238354033028
A23EFZLEIZ0RBL,0.2639560740745464,5.0,0.05154639175257732,0.013605983199718886
AF27UMO30XFMB,0.658776453924609,2.0,0.020618556701030927,0.01358301966854864
A22NZMC61DR253,0.18821184115498726,7.0,0.07216494845360824,0.013582297815308357
A3M3ANQJSHQQS3,0.4385124875406821,3.0,0.030927835051546393,0.01356224188270151
A1570ABVYHMM3H,0.6564407611415247,2.0,0.020618556701030927,0.013534861054464426
A94I7MKR5EXC0,0.2175629948294347,6.0,0.061855670103092786,0.013457504834810395
A2PEODRM2OQJ88,0.2608170704068568,5.0,0.05154639175257732,0.013444178886951381
A3TQLPSGKG6X3E,0.43398205127665473,3.0,0.030927835051546393,0.013422125297216127
A2H3JURQZOHVMB,0.06840941483755401,19.0,0.1958762886597938,0.013399782287768312
A1YMLYUFF7VL6P,0.2598586955902109,5.0,0.05154639175257732,0.013394778123206746
AUDSM2CTLLW1Q,0.09968681133717347,13.0,0.13402061855670103,0.013360088117353145
A3UQ4NONAUZ3PA,0.1848595936198743,7.0,0.07216494845360824,0.013340383044733195
A1QTSHJGGOGKOR,0.43099457043251926,3.0,0.030927835051546393,0.01332972898244905
A20W95ZB4ZP5N,0.3223596931878136,4.0,0.041237113402061855,0.013293183224239736
AFN8B72NZ2DHD,0.42951502257568563,3.0,0.030927835051546393,0.01328396977038203
AYOBDN3WZINT6,0.2576693713720742,5.0,0.05154639175257732,0.013281926359385266
AVKYFZ2D6P5PK,0.2569188044942512,5.0,0.05154639175257732,0.013243237345064494
A25U2K34II1BFT,0.4256092671256018,3.0,0.030927835051546393,0.01316317321007016
A2Z4H7PQHDPUWF,0.18231736336704557,7.0,0.07216494845360824,0.013156923129580608
A3IE9HT3TAOOJ3,0.21259309173157306,6.0,0.061855670103092786,0.013150088148344726
A58NEZYIIR2JF,0.25379320057031673,5.0,0.05154639175257732,0.013082123740737975
AUHTKUOOHG7S3,0.4227265264316288,3.0,0.030927835051546393,0.013074016281390582
ADRLYZ64HNP6K,0.15850710768057708,8.0,0.08247422680412371,0.013072751148913573
A17RML53GUFTK1,0.15829541663934427,8.0,0.08247422680412371,0.013055292093966537
A2IMX2K43G8EI0,0.42195456514433116,3.0,0.030927835051546393,0.01305014119003086
AXMY9GFLR6U8H,0.1806386495172001,7.0,0.07216494845360824,0.013035778831138151
A29O0RTLQBLMYP,0.25222132279409903,5.0,0.05154639175257732,0.013001099113097887
A25DP3DWUXSS48,0.31498730578840045,4.0,0.041237113402061855,0.012989167249006204
A1OHEAMWM8PKAE,0.15713431845694717,8.0,0.08247422680412371,0.012959531419129663
A1R7FZKGCUNDZP,0.4187157548551632,3.0,0.030927835051546393,0.012949971799644223
A3NDWL56CCM3Q5,0.1793108583934499,7.0,0.07216494845360824,0.012939958853135558
A1R4HQIWADCTP0,0.2089907419361644,6.0,0.061855670103092786,0.012927262387803983
A1GGV3E5OFQD0H,0.1787860147304783,7.0,0.07216494845360824,0.012902083537251011
A1RBJRS5H2YSEE,0.6247887960885381,2.0,0.020618556701030927,0.012882243218320374
A2EORAENJ7QF1N,0.1784925894990134,7.0,0.07216494845360824,0.012880908520547357
A3LPCNKUIKV4O9,0.30930483297320355,4.0,0.041237113402061855,0.012754838473121796
ADPIMN0VSD83X,0.4113736793048817,3.0,0.030927835051546393,0.012722897298089127
A25NP3DWJ94FDS,0.30846062135081953,4.0,0.041237113402061855,0.012720025622714208
A3T4XBD3BKDRB6,0.3073230240337522,4.0,0.041237113402061855,0.01267311439314442
A1IQCQUA8Z8K5G,0.2454957032911258,5.0,0.05154639175257732,0.012654417695418856
A229NX5YKTDZIC,0.2448766420120489,5.0,0.05154639175257732,0.012622507320208705
A3CFZWOQ7ONYYB,0.13588997368971234,9.0,0.09278350515463918,0.012608348074303208
A114LRC6WGCGT8,0.17433675731610726,7.0,0.07216494845360824,0.01258100310528609
A3ESTWDBNOUJQ7,0.6094640743910058,2.0,0.020618556701030927,0.012566269575072285
A2PR1O53J0V8W2,0.13506705927430535,9.0,0.09278350515463918,0.012531995190399466
A5YF77DUENCZW,0.6073442922988934,2.0,0.020618556701030927,0.012522562727812235
A3PRJ4B5BBCNNN,0.24273992717742748,5.0,0.05154639175257732,0.012512367380279766
A1QIZFFDOSBDTA,0.13476010017338774,9.0,0.09278350515463918,0.012503514449077213
A3NCUFF540KY1E,0.24233177532542063,5.0,0.05154639175257732,0.012491328625021681
A32EWRWZGMDH1U,0.24198766644434447,5.0,0.05154639175257732,0.012473591053832188
ADQ8DPPPS3AGW,0.24174804749963463,5.0,0.05154639175257732,0.012461239561836836
A3VM9K4M0RQZRQ,0.6036352578194337,2.0,0.020618556701030927,0.012446087790091417
A1TNK97ZYJ6W6S,0.4016732379571695,3.0,0.030927835051546393,0.012422883648159883
A2UFJ5NIT2RFCM,0.20043719903799567,6.0,0.061855670103092786,0.012398177260082207
AZLNA5DTAVO38,0.3003464285503459,4.0,0.041237113402061855,0.012385419734034881
A1N9TTRB2QB8NB,0.2399328118052051,5.0,0.05154639175257732,0.012367670711608509
AKL0MW0YCIZJ0,0.5982680018818316,2.0,0.020618556701030927,0.012335422719213023
A1M8VAR3XFONBQ,0.2988722067932991,4.0,0.041237113402061855,0.012324627084259757
A3W1VCOR4O868R,0.3981544425258472,3.0,0.030927835051546393,0.012314054923479811
A35XOHXGQZDRDN,0.2985111731721989,4.0,0.041237113402061855,0.01230973909988449
A1PREFXIZPJCEG,0.19877031951668334,6.0,0.061855670103092786,0.01229507131031031
A3D2EOELQ5S4WX,0.5961869564642086,2.0,0.020618556701030927,0.012292514566272342
ANF3BKUMVZEDK,0.2980188443418673,4.0,0.041237113402061855,0.012289436880077003
A12MKIN6FTAVKL,0.39598751608601773,3.0,0.030927835051546393,0.01224703657997993
A1XQ45SZLYKXDC,0.39527736675350106,3.0,0.030927835051546393,0.012225073198561889
AML8287U73R9V,0.3949923619124291,3.0,0.030927835051546393,0.012216258615848323
A3EOYPNWMICVPL,0.5908637104858584,2.0,0.020618556701030927,0.012182756917234194
A1SFMUVCWQP9ZG,0.5906939748318271,2.0,0.020618556701030927,0.012179257213027362
A2WG6VH4A6MIJV,0.16864594167957492,7.0,0.07216494845360824,0.012170325688216745
A3QUO2RJQ2A4NQ,0.29418389335163975,4.0,0.041237113402061855,0.012131294571201639
AFPGBPT9BJM88,0.1676501138146228,7.0,0.07216494845360824,0.01209846182167381
A1AY8TQ5Z40HR8,0.5853108881200603,2.0,0.020618556701030927,0.012068265734434232
A29SS7GR4SNK2T,0.38961070992206814,3.0,0.030927835051546393,0.012049815770785613
A10YBR8TO794IN,0.29144267125262485,4.0,0.041237113402061855,0.012018254484644324
AD840POM2HC9A,0.5778278010643354,2.0,0.020618556701030927,0.011913975279677018
AVDQZPEXCB8X2,0.5778090368487201,2.0,0.020618556701030927,0.011913588388633404
A2TFRMJG12K3WO,0.12830115113321255,9.0,0.09278350515463918,0.011904230517514568
AKSS684TUJQX3,0.230467071406143,5.0,0.05154639175257732,0.011879745948770257
AGBQJLG0ZU074,0.2876720784661659,4.0,0.041237113402061855,0.01186276612231612
A3MHFG9RDIQJMS,0.28750414112722267,4.0,0.041237113402061855,0.011855840871225676
A2YDPLMJKGWWMR,0.3828969803792381,3.0,0.030927835051546393,0.011842174650904272
A7XTIZR24NL4C,0.3826244584145139,3.0,0.030927835051546393,0.011833746136531358
AV4JNJANQ8ZAN,0.22952377686234227,5.0,0.05154639175257732,0.011831122518677436
A2JMRUN0QULNLI,0.1910478851861523,6.0,0.061855670103092786,0.011817394959968183
AX3A22D274GLE,0.2292052002795364,5.0,0.05154639175257732,0.011814701045336927
A3QAT5JXG718XQ,0.22888926537499713,5.0,0.05154639175257732,0.011798415740979232
A2JA3WDBMU7CBK,0.22887567422727895,5.0,0.05154639175257732,0.011797715166354585
A3RLNPQFXW3I42,0.5704888289514829,2.0,0.020618556701030927,0.011762656267040884
AR3OJJ9LVGSPP,0.3800635470921459,3.0,0.030927835051546393,0.011754542693571523
A3KMKSFK5SJE4,0.37922566875633595,3.0,0.030927835051546393,0.01172862893060833
A3ITD2FDGPB5CR,0.18850985534056114,6.0,0.061855670103092786,0.011660403423127493
A1O1NPXRJ0928X,0.3767217340470792,3.0,0.030927835051546393,0.011651187650940595
A3SW3SCPOEJUL6,0.37670267864113743,3.0,0.030927835051546393,0.011650598308488786
A39SZ4B8TRX9E9,0.5643804695134433,2.0,0.020618556701030927,0.011636710711617388
AFUIT5NVTFSG7,0.2811936879783271,4.0,0.041237113402061855,0.011595615999106272
A20SZNEQJU638A,0.18679945983101856,6.0,0.061855670103092786,0.011554605762743416
A3MF1RPPXYOQ32,0.37349332516848144,3.0,0.030927835051546393,0.011551339953664376
ACPS3LG8Z1JK2,0.22399661017809153,5.0,0.05154639175257732,0.011546217019489253
A1B1B68XXFLUGC,0.3728095874911147,3.0,0.030927835051546393,0.011530193427560249
A2OFMUCRY0I789,0.37219777058287273,3.0,0.030927835051546393,0.011511271255140395
A56UA0F4USXPY,0.15918486719369426,7.0,0.07216494845360824,0.01148756773562742
A3U8RGCLC5WWBX,0.18558840186960748,6.0,0.061855670103092786,0.01147969496100665
A1RGJA7LQ3B5H7,0.13907758963243022,8.0,0.08247422680412371,0.011470316670715894
A1S8TW5I3OM511,0.27747716150988455,4.0,0.041237113402061855,0.011442357175665342
A1B4K33R2NJ6B7,0.5540072877165827,2.0,0.020618556701030927,0.011422830674568715
A2AIXGPS8ZI5W,0.13845492729653508,8.0,0.08247422680412371,0.011418963076002892
A16OM4JF3BOW4O,0.15822078794659508,7.0,0.07216494845360824,0.011417995006455314
A2BE3MTUT0YBF0,0.5514036442371394,2.0,0.020618556701030927,0.011369147303858544
A2OMDT29QMLAWQ,0.36752636671806055,3.0,0.030927835051546393,0.011366794846950327
A2JTVQU2BDMYIU,0.18313057919267345,6.0,0.061855670103092786,0.011327664692330318
AS0LVTBJSRVYR,0.21967517682093057,5.0,0.05154639175257732,0.01132346272272838
A26VW0GBXA65DR,0.3655912638846165,3.0,0.030927835051546393,0.011306946305709789
AJ39VVR40MFLB,0.21839293478661956,5.0,0.05154639175257732,0.011257367772506162
A1NW9MUO9N09US,0.545865711089358,2.0,0.020618556701030927,0.011254963115244494
A1FD8VA72X0EDV,0.5437992926380466,2.0,0.020618556701030927,0.011212356549238075
ANUBVFARDOOYP,0.18099753386648915,6.0,0.061855670103092786,0.011195723744318917
A28SN8OHE9CUKX,0.3614698854669509,3.0,0.030927835051546393,0.011179480993823224
A165P3MOJV3OVZ,0.09026192825554194,12.0,0.12371134020618557,0.011166424114087662
A3U2G3AZQYLNJF,0.21640209166186353,5.0,0.05154639175257732,0.011154746992879563
A2748AP5BY6NU9,0.360635698395936,3.0,0.030927835051546393,0.011153681393688743
A1DSCK45R2GH0Z,0.15437819618166326,7.0,0.07216494845360824,0.01114069456981075
A1P08A3G1VUBVD,0.2701041288674942,4.0,0.041237113402061855,0.011138314592473986
A2Q8SB6GUYJVUD,0.2700121377375946,4.0,0.041237113402061855,0.011134521143818334
A1145359J63JJU,0.35776543224565605,3.0,0.030927835051546393,0.011064910275638848
A3BVT8LN62NBP0,0.5360972221999898,2.0,0.020618556701030927,0.011053550973195665
A1ZJWJWVR4M7EG,0.2680406716661025,4.0,0.041237113402061855,0.011053223573859898
A1QEWOSV05RYEO,0.1339832828625521,8.0,0.08247422680412371,0.011050167658767183
A9PJOPKPUJIBM,0.2679162812633183,4.0,0.041237113402061855,0.011048094072714156
A2S4692JUQDC9,0.21352872985734728,5.0,0.05154639175257732,0.011006635559657075
A3IP4GMZYNKCF6,0.533370909905613,2.0,0.020618556701030927,0.010997338348569339
A208YP64N64SS6,0.21313148411242577,5.0,0.05154639175257732,0.010986158974867308
A18GQX0YEY1J0M,0.35506739150187827,3.0,0.030927835051546393,0.010981465716552936
A32BM1CZ627MVJ,0.5317704579854958,2.0,0.020618556701030927,0.01096433933990713
A3CMH63FV9I5DR,0.2119219778923338,5.0,0.05154639175257732,0.010923813293419267
A3DBZ5YXW75NYA,0.5282711457690141,2.0,0.020618556701030927,0.010892188572556992
AI0JT1H585O9K,0.35169838510197526,3.0,0.030927835051546393,0.010877269642329133
A2R6RA8FRBS608,0.11716846586966942,9.0,0.09278350515463918,0.010871300956979637
A1280J82MVLUNH,0.2096469737763781,5.0,0.05154639175257732,0.010806545040019488
AC7HTDXW0AC9C,0.34908554183458296,3.0,0.030927835051546393,0.01079646005673968
A3NEFNIJCHLFLO,0.20803386247751068,5.0,0.05154639175257732,0.010723394973067561
A3UU1V0MP4I9GL,0.34565354023265804,3.0,0.030927835051546393,0.010690315677298702
A1RY96KKGQ84EE,0.516796662769883,2.0,0.020618556701030927,0.010655601294224392
A3TIQ523O0W6OQ,0.20667663791004054,5.0,0.05154639175257732,0.010653434943816521
A1DGWI8BBAKVIM,0.2579506526006268,4.0,0.041237113402061855,0.010637140313427908
A3AGJD7SXDBF3N,0.5147756325334716,2.0,0.020618556701030927,0.010613930567700445
A3TIENRAOCCAL2,0.5134900733247924,2.0,0.020618556701030927,0.01058742419226376
A1NO74JFBLP9PO,0.25674000289859417,4.0,0.041237113402061855,0.010587216614375016
A1T17BYSWE5QBE,0.2559059353720243,4.0,0.041237113402061855,0.010552822077196877
AD42OUI8ML7PY,0.3405561787396794,3.0,0.030927835051546393,0.010532665321845755
A12EJDWH8Q0ANH,0.5089675210632002,2.0,0.020618556701030927,0.010494175692024746
ADHILVPL4OTZO,0.2541453879830817,4.0,0.041237113402061855,0.01048022218486935
A364752163PFL0,0.507610818903395,2.0,0.020618556701030927,0.010466202451616391
A2VLGDYI7S9ISY,0.33730465237099827,3.0,0.030927835051546393,0.010432102650649432
A3E9KQ0H2QNH33,0.33634811524974323,3.0,0.030927835051546393,0.010402519028342574
A27PN5ZRKB631V,0.5039505164593192,2.0,0.020618556701030927,0.010390732298130293
A2C4RL7PIY8IF4,0.3357450271686467,3.0,0.030927835051546393,0.010383866819648866
AZ9VSHFW0PK2S,0.25146043025354964,4.0,0.041237113402061855,0.010369502278496891
ANOV2FV2WE1FG,0.20061867681851137,5.0,0.05154639175257732,0.01034116890817069
A3PQM82AFBR0B3,0.1669797947110016,6.0,0.061855670103092786,0.010328647095525873
A161A2BZ58MUNJ,0.33379243140264814,3.0,0.030927835051546393,0.010323477259875716
A10FRUJV17R7TG,0.16682078304269465,6.0,0.061855670103092786,0.010318811322228536
A1XF5NVXUVGTZN,0.3334107085726739,3.0,0.030927835051546393,0.010311671399154863
A2J7YDXQ6B1SMO,0.16610617760368435,6.0,0.061855670103092786,0.010274608923939239
A2XAJX9EOMX969,0.2488772537771768,4.0,0.041237113402061855,0.010262979537203166
A1203Q0HWECJXU,0.19902873058918963,5.0,0.05154639175257732,0.010259212916968538
AF74VPDSL69FE,0.24873892890579702,4.0,0.041237113402061855,0.010257275418795753
A3HM4Q4X7TJ41V,0.49717908012541556,2.0,0.020618556701030927,0.01025111505413228
A3M43O5LMGVPRB,0.49682716633253643,2.0,0.020618556701030927,0.010243859099639926
A3KBMS59165TUN,0.1984020750171525,5.0,0.05154639175257732,0.010226911083358376
AVKHYC2D7MD56,0.05825530602103211,17.0,0.17525773195876287,0.01020969280780975
A2E71UQ5DHQXOX,0.24687769241663327,4.0,0.041237113402061855,0.010180523398624053
ANXE83U6YJMBJ,0.3290660816177244,3.0,0.030927835051546393,0.010177301493331683
AS6BAOTRYNEKS,0.32892481037085175,3.0,0.030927835051546393,0.010172932279510879
A19VJ2IQLO50G0,0.24635759558980136,4.0,0.041237113402061855,0.010159076106795933
A344FQSEVEAG75,0.4922519345576155,2.0,0.020618556701030927,0.01014952442386836
A1N5HHCFDIOFJI,0.3281036915893619,3.0,0.030927835051546393,0.010147536853279236
ACDU7NTOLYUNJ,0.4906499070277963,2.0,0.020618556701030927,0.010116492928408171
A2VOI85H5S0OH6,0.19566627448471002,5.0,0.05154639175257732,0.010085890437356186
A15HI1HDAU7SPR,0.4885252920780162,2.0,0.020618556701030927,0.010072686434598271
A2D257JJTCKDKH,0.32543434082366324,3.0,0.030927835051546393,0.010064979613102987
A15PZXBU8JJDZJ,0.2437247980057701,4.0,0.041237113402061855,0.010050507134258561
A8AXG5RUAVYL3,0.48739299761585037,2.0,0.020618556701030927,0.010049340157027842
AZA571ZTJ2UQT,0.32462315623358073,3.0,0.030927835051546393,0.010039891429904559
A3GDTIM2SX2I30,0.32418311637364094,3.0,0.030927835051546393,0.010026281949700237
A7O05G42L82N9,0.3234992896054282,3.0,0.030927835051546393,0.01000513266820912
A1740XSDBJICXX,0.3229976050760227,3.0,0.030927835051546393,0.009989616651835754
A3P7GIJ7XLPEWE,0.24213205709962132,4.0,0.041237113402061855,0.0099848270968916
A2JJSTD063JQSG,0.4814454375919217,2.0,0.020618556701030927,0.009926710053441685
A2W9E0C1QMM6A3,0.32080202603762725,3.0,0.030927835051546393,0.009921712145493627
A2HQK3M8NWI4Y1,0.480393821834296,2.0,0.020618556701030927,0.009905027254315382
A1IEJOPR3T86Y0,0.48024135637936105,2.0,0.020618556701030927,0.009901883636687857
A3E98R6OJVOWLX,0.23977519208700984,4.0,0.041237113402061855,0.00988763678709319
A35JCASWZL0XBH,0.1918098999974027,5.0,0.05154639175257732,0.009887108247288797
ADDY7DKV3T135,0.23949795531155754,4.0,0.041237113402061855,0.009876204342744641
AIAIA2L0HC35S,0.47856300994620643,2.0,0.020618556701030927,0.009867278555591885
A1OHN08Q48NC7O,0.4781263000487926,2.0,0.020618556701030927,0.009858274227810156
A1J61RTXRIBMP5,0.4781063277904447,2.0,0.020618556701030927,0.009857862428668963
A2O754D4THCVDR,0.15920521761140743,6.0,0.061855670103092786,0.009847745419262316
A648A7XLDASXS,0.1902374404175331,5.0,0.05154639175257732,0.009806053629769747
A3JZCNOD0TG8LL,0.1894278837616218,5.0,0.05154639175257732,0.009764323905238237
A1GKATDZ70WG4Y,0.4735013906868822,2.0,0.020618556701030927,0.009762915271894478
A2LCGXEO7HBM5R,0.47334560464528197,2.0,0.020618556701030927,0.009759703188562514
A3MSLF3DLKQSI4,0.23658000643335347,4.0,0.041237113402061855,0.00975587655395272
A1BFMWEWDIHU1L,0.315264809619273,3.0,0.030927835051546393,0.009750458029462053
A1AAS8CXKBGRMV,0.23638202035744238,4.0,0.041237113402061855,0.009747712179688346
AX3U85FYC7LRB,0.4726266458692956,2.0,0.020618556701030927,0.009744879296274135
ACL5MIC0HFI9J,0.2359233117356696,4.0,0.041237113402061855,0.009728796360233797
A1MYLVHG0D6BMM,0.1886716928714006,5.0,0.05154639175257732,0.009725344993371163
A983JCUWB08HC,0.15717833457196195,6.0,0.061855670103092786,0.009722371210636823
A1ZCJBDNMZZGYN,0.31435237968807106,3.0,0.030927835051546393,0.009722238547053744
A2WUXRICH8FQ4,0.23537011166977378,4.0,0.041237113402061855,0.009705983986382423
A3KDAC88FV2GMS,0.4705936942008747,2.0,0.020618556701030927,0.009702962767028344
A1LPYW5WXUPXKY,0.09399727581474512,10.0,0.10309278350515463,0.009690440805643828
A228SRMN7RV2N,0.4699141645916296,2.0,0.020618556701030927,0.009688951847250094
AU7K2QVWDSTJE,0.23339812112544928,4.0,0.041237113402061855,0.00962466478867832
A2YXFD60WCF5ZL,0.46665130809637884,2.0,0.020618556701030927,0.009621676455595439
A1VTEL32W5FM13,0.1332820253148003,7.0,0.07216494845360824,0.009618290486635072
AOTI3CIX0ORAW,0.3109537971404227,3.0,0.030927835051546393,0.009617127746611012
A3MEQXCDW66642,0.4660940309832996,2.0,0.020618556701030927,0.00961018620584123
A2G1GJH3B2JM0Z,0.46607231244951564,2.0,0.020618556701030927,0.00960973840102094
A2U6GBLTMWMACQ,0.3106437512904397,3.0,0.030927835051546393,0.009607538699704321
A3KYQAQMSO8PX1,0.31011444123089943,3.0,0.030927835051546393,0.009591168285491735
AMQ2W98X97TM6,0.30996306270201984,3.0,0.030927835051546393,0.009586486475320202
A3GYWZE27QBMY7,0.11619560627457749,8.0,0.08247422680412371,0.009583142785532165
A1UBG473OUNBE8,0.13261349987627918,7.0,0.07216494845360824,0.00957004638282427
A28DT8S9KG44SX,0.23175166092228253,4.0,0.041237113402061855,0.009556769522568351
A2SI5I1OF6LR1W,0.1852766609858981,5.0,0.05154639175257732,0.00955034334978856
A357SWZ1O4MFRS,0.308302845643041,3.0,0.030927835051546393,0.00953513955597034
A1U0QSDR7T41XQ,0.15404467659590287,6.0,0.061855670103092786,0.009528536696653786
A3G70MTCD6HIIW,0.23103445305478038,4.0,0.041237113402061855,0.009527193940403314
A39CYUXTVGQSCF,0.1318350432632572,7.0,0.07216494845360824,0.009513869101472169
AFLQK4C1ZES72,0.1841105234590819,5.0,0.05154639175257732,0.009490233167993913
A2ZL49KKJ1DZKF,0.15339009215917193,6.0,0.061855670103092786,0.009488046937680739
ARR0WLFQKAHYD,0.306612282060753,3.0,0.030927835051546393,0.009482854084353187
A1I2OS2DRYD1DR,0.3054791048240821,3.0,0.030927835051546393,0.009447807365693261
A37B6X9YTM9EH1,0.1526612664992018,6.0,0.061855670103092786,0.009442964938094957
A13G2LMKA9GVMM,0.15265216539958898,6.0,0.061855670103092786,0.009442401983479731
A22OCUZL10R66Z,0.22883225213969427,4.0,0.041237113402061855,0.009436381531533785
AMVB9XUZT0NCT,0.18256189110823115,5.0,0.05154639175257732,0.009410406758156244
A20LS0RITRHTAN,0.3042087992379753,3.0,0.030927835051546393,0.009408519564061092
A1FJSCNYLU4126,0.4540582596186479,2.0,0.020618556701030927,0.009362025971518513
A22HN0VTP9TCLJ,0.45402208867019156,2.0,0.020618556701030927,0.009361280178766836
A2GW5TTEKODNL8,0.45286396189228445,2.0,0.020618556701030927,0.009337401276129576
A1WNWGDWDBH88E,0.45278168706801736,2.0,0.020618556701030927,0.009335704888000357
A2MJ5VO3ZFHUV4,0.30176316054365593,3.0,0.030927835051546393,0.009332881253927503
A1923RVDMG9DBW,0.30167034295039713,3.0,0.030927835051546393,0.009330010606713313
A2J94RBT2849R,0.18068907452026306,5.0,0.05154639175257732,0.009313869820632117
A1JCPZJEGOQOUX,0.3007369289636077,3.0,0.030927835051546393,0.009301142132895084
A3QE3KFPKO0VCR,0.22486432133427448,4.0,0.041237113402061855,0.009272755518939153
A2VVXMM2XG3LLZ,0.22479174753221812,4.0,0.041237113402061855,0.009269762784833737
A1H3NLN5VU2W9I,0.2995552974509727,3.0,0.030927835051546393,0.0092645968283806
A1Y25D0HYDZE06,0.29928707499051915,3.0,0.030927835051546393,0.009256301288366572
A147W9G6HJB20N,0.4488766986357713,2.0,0.020618556701030927,0.009255189662593222
A1YW0AMF0EJFZ0,0.22432433728593837,4.0,0.041237113402061855,0.009250488135502614
A3V80E4LJ7C36X,0.2242481060947838,4.0,0.041237113402061855,0.009247344581228197
A2GFYQD27R568G,0.44713281452946063,2.0,0.020618556701030927,0.009219233289267229
A2K6RT4ET41MQC,0.22291100146523515,4.0,0.041237113402061855,0.009192206245989078
A3AD3P2PRHC5W6,0.11121860590968755,8.0,0.08247422680412371,0.009172668528634024
A2OUXI87D0UR03,0.44464687309649786,2.0,0.020618556701030927,0.009167976764876245
A1U1EVJAMYPF15,0.2222573727858751,4.0,0.041237113402061855,0.009165252486015468
A38O8ZYXYAL6WF,0.29633604659333734,3.0,0.030927835051546393,0.009165032368866104
A1CWZXG7JPULVP,0.4443557156887463,2.0,0.020618556701030927,0.009161973519355594
ATIUZXKOPTEIC,0.44285596035367775,2.0,0.020618556701030927,0.00913105072894181
A2SXJZGMY90RZN,0.09812947044392988,9.0,0.09278350515463918,0.009104796226756381
A2XKSPQSPBSO9E,0.44110737588939786,2.0,0.020618556701030927,0.009094997441018512
A6UMJST9VMY8M,0.2938946021436148,3.0,0.030927835051546393,0.009089523777637571
A3KUV0F3OV4L64,0.11012947617742865,8.0,0.08247422680412371,0.009082843396076588
A2W9MQ7HJY6TKH,0.43961317252029475,2.0,0.020618556701030927,0.009064189124129788
A29TL74WEE52V6,0.21956554101512968,4.0,0.041237113402061855,0.009054249114025966
A2QHZ18AESXWX9,0.14594241465261765,6.0,0.061855670103092786,0.009027365854801092
A1UR7Q5TV3K621,0.1456443745906034,6.0,0.061855670103092786,0.009008930387047634
A2X24M6ERNC3NG,0.2909215702540509,3.0,0.030927835051546393,0.008997574337754152
A2HB550T5ZDM6X,0.29087452317594653,3.0,0.030927835051546393,0.008996119273482883
A2B8JK24E72BS5,0.2906181399992819,3.0,0.030927835051546393,0.008988189896885006
A2MERYBWEV2PLQ,0.4348767861867799,2.0,0.020618556701030927,0.008966531673954224
ANIISS282BPB1,0.4337619111127617,2.0,0.020618556701030927,0.008943544559026014
A1Q6WSLCQZLUR5,0.28854363330600313,3.0,0.030927835051546393,0.008924029896061952
A3QOQY24XUTR28,0.8655693027399448,1.0,0.010309278350515464,0.008923394873607679
A1TUBQUT3J81Q3,0.17302430936691848,5.0,0.05154639175257732,0.008918778833346313
A4507F879T1SD,0.43253288390501,2.0,0.020618556701030927,0.008918203791855876
A3NSN2F784GPIF,0.21598257328953302,4.0,0.041237113402061855,0.008906497867609608
A3OITRNUELR82W,0.21499911018146378,4.0,0.041237113402061855,0.008865942687895414
A3SKW58FJR00LJ,0.21498410312430657,4.0,0.041237113402061855,0.00886532384017759
A1D3P0DD6121R2,0.2857415273064753,3.0,0.030927835051546393,0.008837366823911607
A11HJBRK5K97NU,0.4285321366401236,2.0,0.020618556701030927,0.008835714157528322
AABLJYQ9ZYOSM,0.4277604920558533,2.0,0.020618556701030927,0.008819803959914501
A13Y9UJLVV51HD,0.1424529770166352,6.0,0.061855670103092786,0.008811524351544446
A15DTVYFPH5HY7,0.2846434790091922,3.0,0.030927835051546393,0.008803406567294603
A122YCXCDMNEY9,0.21306888611009056,4.0,0.041237113402061855,0.008786345818972807
ASIRGDJLW871F,0.21299139836252712,4.0,0.041237113402061855,0.008783150447939262
AYSWJDTKN5N9J,0.4259652848476218,2.0,0.020618556701030927,0.00878278937830148
A1WNHVHSODVBU2,0.28387560721690586,3.0,0.030927835051546393,0.008779657955162038
A2KGDH0818WBQB,0.28302794796284325,3.0,0.030927835051546393,0.008753441689572473
A67YW05PO7C73,0.2122510744786012,4.0,0.041237113402061855,0.008752621627983554
A1N5PQIDNWHWSM,0.21192282343371915,4.0,0.041237113402061855,0.008739085502421409
A2MGZ8EXOM9V31,0.2822988100941615,3.0,0.030927835051546393,0.008730891033840048
A2VYJ3UYXJ311T,0.28213721298346195,3.0,0.030927835051546393,0.008725893185055525
AEVAPEHXQRIDP,0.4226792731742374,2.0,0.020618556701030927,0.008715036560293555
A3PEZQQ3I0B036,0.1690013852193052,5.0,0.05154639175257732,0.008711411609242535
A2WLWXVNMZQ9JN,0.12068203198694721,7.0,0.07216494845360824,0.008709012617614746
ADNZPI3NJ6FT5,0.4219390801066909,2.0,0.020618556701030927,0.008699774847560637
A3471M3LYN8MVQ,0.2106087544951745,4.0,0.041237113402061855,0.008684897092584515
A1YN6TCFN2SU69,0.16835620533959278,5.0,0.05154639175257732,0.008678154914411998
A2877WXAPQ7T50,0.4205425336210984,2.0,0.020618556701030927,0.008670980074661822
A1PGNEIHKKAHFL,0.42000471075470164,2.0,0.020618556701030927,0.00865989094339591
A1Q7AF2OA9YI3T,0.41958187590669305,2.0,0.020618556701030927,0.008651172699107073
A3BXFHLVV3A91V,0.20956344552658196,4.0,0.041237113402061855,0.008641791568106473
A2CYOHQMSG6J,0.2793624447883848,3.0,0.030927835051546393,0.008640075612011902
A25UWXZ2A92OM1,0.2793034729668959,3.0,0.030927835051546393,0.008638251741244203
A2TEYFQQKTP9BL,0.2791128060710091,3.0,0.030927835051546393,0.008632354826938426
A2P6XD718DO6FT,0.2790977948705846,3.0,0.030927835051546393,0.008631890563007772
A6TLXHP0F1XT5,0.20924401745245982,4.0,0.041237113402061855,0.008628619276390095
AQ2C59OA4D5PM,0.16685054559721574,5.0,0.05154639175257732,0.008600543587485347
A18IROB5G9N6L6,0.4171048017614929,2.0,0.020618556701030927,0.008600099005391606
A1NC5YN34N5VRX,0.13888240879421737,6.0,0.061855670103092786,0.008590664461497982
AGR0LD8NNZATF,0.20819632049662132,4.0,0.041237113402061855,0.008585415278211187
AEPZHX2K8C95P,0.2772368763449585,3.0,0.030927835051546393,0.008574336381802841
A2M3TT19H660NL,0.20734150965558298,4.0,0.041237113402061855,0.008550165346621978
A37AW6NH9JCM40,0.27641444891088507,3.0,0.030927835051546393,0.008548900481779951
A125I6OBGX1VI8,0.4144929912301478,2.0,0.020618556701030927,0.008546247241858719
A3RRLK8542LR6L,0.1655068855888516,5.0,0.05154639175257732,0.008531282762311937
A2HYMN8YY2IRDS,0.41368720621043703,2.0,0.020618556701030927,0.00852963311774097
A158US790397BD,0.41258204207784865,2.0,0.020618556701030927,0.00850684622840925
A1829A05KM55Z,0.41186298899728246,2.0,0.020618556701030927,0.008492020391696546
A1NQFV0KQPM366,0.8209316748152384,1.0,0.010309278350515464,0.008463213142425138
A3MAROXCKBWMWV,0.41012694807209993,2.0,0.020618556701030927,0.00845622573344536
A1KE19CDYIO2YN,0.20500293072025394,4.0,0.041237113402061855,0.008453729101866142
A3R4CWCVTXDRN7,0.4094962668449305,2.0,0.020618556701030927,0.008443221996802691
A14EU2XMRSJ17K,0.2714131651321864,3.0,0.030927835051546393,0.008394221602026384
A3CDUO3WLCPZMP,0.4067884357268843,2.0,0.020618556701030927,0.008387390427358438
A1KXK4WR77CDHM,0.2033657703038466,4.0,0.041237113402061855,0.008386217332117385
AA32PEAGO9EJ7,0.27099217075308657,3.0,0.030927835051546393,0.008381201157311956
AIYB8FUXTF365,0.810555852145407,1.0,0.010309278350515464,0.008356245898406257
A3JUMMIGJ7B38X,0.20203180984819882,4.0,0.041237113402061855,0.008331208653533971
A30M5OGVWABAXD,0.1344484254455469,6.0,0.061855670103092786,0.008316397450240013
AALFVXQAI8C6V,0.20134202255515304,4.0,0.041237113402061855,0.008302763816707342
A1G6YDEKFVJSC4,0.2673750347538257,3.0,0.030927835051546393,0.008269330971767805
A3DBQ2R69CVM06,0.4008359696926553,2.0,0.020618556701030927,0.008264659168920727
A2F7JZBL2LK9XS,0.26686683081033846,3.0,0.030927835051546393,0.008253613324031087
A2IEX7ESCYYD5H,0.13341162335631618,6.0,0.061855670103092786,0.008252265362246361
ANYTUF0RT5TOJ,0.2665598492698649,3.0,0.030927835051546393,0.008244119049583451
A20173T9HDB759,0.266551590561121,3.0,0.030927835051546393,0.00824386362560168
AB1J0F8UWM6Z6,0.19984540498603473,4.0,0.041237113402061855,0.008241047628290091
APANKO5VLZH45,0.09987322292468372,8.0,0.08247422680412371,0.008236966839149172
A2E14328HQW9GI,0.19971521661626973,4.0,0.041237113402061855,0.008235679035722462
A2F2O8CMZCLU9O,0.26621943470363696,3.0,0.030927835051546393,0.00823359076403001
A2E6PQ1WPYQ218,0.39927755338264764,2.0,0.020618556701030927,0.008232526873869023
A3BOOKRS5ZP3C0,0.7966799630063021,1.0,0.010309278350515464,0.008213195494910331
A3BJZRS6Z6E5PI,0.39799167596778834,2.0,0.020618556701030927,0.008206013937480171
A3Q3E21FARANQJ,0.39785078580685823,2.0,0.020618556701030927,0.008203108985708417
A3ORPXSMMB8ZCV,0.26506783475043205,3.0,0.030927835051546393,0.00819797427063192
A2KA5OOLO7IKYJ,0.19877518342102596,4.0,0.041237113402061855,0.008196914780248492
A35IMJ44IJYK1F,0.19824087702502827,4.0,0.041237113402061855,0.008174881526805289
AF6D9KW8YWJA3,0.2641030370850383,3.0,0.030927835051546393,0.008168135167578505
A1SGEOH0O5UYC5,0.26407154162467117,3.0,0.030927835051546393,0.008167161081175397
A1AA6YCYJJOWEU,0.39588122487903254,2.0,0.020618556701030927,0.008162499482041908
A3E0962TERBW7F,0.3956420838512966,2.0,0.020618556701030927,0.008157568739201992
AW7AZ7ZDRG9P0,0.15825655037846048,5.0,0.05154639175257732,0.008157554143219612
A1Q8CI9UMNUT0P,0.39560971136777306,2.0,0.020618556701030927,0.008156901265314908
A1VZAIM2B2KGLR,0.3951311038378804,2.0,0.020618556701030927,0.008147033068822276
A10ADY0N5QKCHQ,0.2628218294566486,3.0,0.030927835051546393,0.008128510189380884
A1JFXUCXT356UK,0.19693436137466708,4.0,0.041237113402061855,0.008121004592769777
A2QKXTUGFT7Y0S,0.15717622304547965,5.0,0.05154639175257732,0.008101867167292765
A2V7Y24YH0C6XW,0.19626622972060379,4.0,0.041237113402061855,0.00809345277198366
A1QEZDZMUDPQMH,0.39247051671018357,2.0,0.020618556701030927,0.008092175602271826
A228G4DP1IKEOG,0.19619490148005414,4.0,0.041237113402061855,0.008090511401239345
A1ZNUOJK5V0N8V,0.1960275666681224,4.0,0.041237113402061855,0.008083610996623605
A19EU77VL3SY2J,0.26091081418132234,3.0,0.030927835051546393,0.008069406624164608
A3OEIQ11HYTHM6,0.3910512926703862,2.0,0.020618556701030927,0.008062913250935798
ALKBO0791XOU9,0.15634419598223717,5.0,0.05154639175257732,0.008058979174342121
A20T1MOIU76OL4,0.19532047675257466,4.0,0.041237113402061855,0.008054452649590708
A2EIMKDUWRB8DE,0.1952857941209795,4.0,0.041237113402061855,0.008053022437978535
AQOTLVP2V5W65,0.26032691701726834,3.0,0.030927835051546393,0.00805134794898768
A1GN8UJIZLCA59,0.07080375751580474,11.0,0.1134020618556701,0.008029292089421157
A2SA44PAGJ2K0U,0.3893966913832546,2.0,0.020618556701030927,0.008028797760479477
A3P6CNMHR2QHA6,0.7784108365531749,1.0,0.010309278350515464,0.008024853985084276
A31VH37CWG38JE,0.25930584040977644,3.0,0.030927835051546393,0.008019768260096179
A2J655WCZH4FUD,0.38882418071318564,2.0,0.020618556701030927,0.008016993416766715
A2Z7AYKNF95AK9,0.38845890366790237,2.0,0.020618556701030927,0.008009461931296955
A3GRNRNGUSFNNN,0.15507751591950844,5.0,0.05154639175257732,0.007993686387603527
A1SUP9J7BNRHGW,0.3864164522794069,2.0,0.020618556701030927,0.007967349531534162
A2XZHXLDPD7KCK,0.15428996179449764,5.0,0.05154639175257732,0.007953090814149362
APRELW22FOHMC,0.15403866252807755,5.0,0.05154639175257732,0.007940137243715338
A2QRMY015BSFOF,0.1924790496750248,4.0,0.041237113402061855,0.007937280398970094
A2EDMJSIH8ZUIT,0.1098499609591979,7.0,0.07216494845360824,0.007927316770251394
A38H7D8U24ECFK,0.3844715037143154,2.0,0.020618556701030927,0.007927247499264234
A2RU9ASRPWBLG3,0.25589944764079553,3.0,0.030927835051546393,0.007914415906416356
AN825SURNWTTK,0.12781059035127437,6.0,0.061855670103092786,0.007905809712449962
A5C6LI8YBLNAN,0.38259208448417653,2.0,0.020618556701030927,0.00788849658730261
A2BSYR3R6JNN0E,0.38229212491934633,2.0,0.020618556701030927,0.00788231185400714
A3D24WAGR0T51,0.3820013603873294,2.0,0.020618556701030927,0.007876316709017102
A3MQ8TMRY02F3A,0.19098641570741634,4.0,0.041237113402061855,0.007875728482780056
A1RXDSG1KL0XNM,0.3815873867229561,2.0,0.020618556701030927,0.007867781169545486
A1TLKM4FGTPS3O,0.1902831636508922,4.0,0.041237113402061855,0.007846728397974937
A22GZPEKFVTBW9,0.38006317818543045,2.0,0.020618556701030927,0.007836354189390318
AQ75S7221N12Z,0.1265746805475925,6.0,0.061855670103092786,0.007829361683356238
A3EEKCGMZ2UQUE,0.7592555122772869,1.0,0.010309278350515464,0.007827376415229763
A2LGIY8MNOX1A7,0.37955420289370445,2.0,0.020618556701030927,0.007825859853478442
A3S7PTOY7PYSOL,0.37844991247917265,2.0,0.020618556701030927,0.007803090978952014
A2IEY1S4FYHDEE,0.18908719528259418,4.0,0.041237113402061855,0.007797410114746152
A16QX55I5FUTP0,0.2517558154826326,3.0,0.030927835051546393,0.0077862623345144105
A3PDF3DQCXC8DK,0.1505575568932344,5.0,0.05154639175257732,0.007760698808929608
A13XGH1V3BQPJI,0.15047206814706415,5.0,0.05154639175257732,0.007756292172529079
A44EUYBEBDX20,0.1880189087430439,4.0,0.041237113402061855,0.00775335706156882
A7UJQQK9VQLXE,0.2501214855844625,3.0,0.030927835051546393,0.007735716049003995
A2A5LEWZ5D1AWA,0.24961682380036881,3.0,0.030927835051546393,0.007720107952588726
A2LNEZD3YBO12O,0.3727550893386727,2.0,0.020618556701030927,0.007685671945127271
A3EWLA1F1HFM7M,0.24817953152912467,3.0,0.030927835051546393,0.007675655614302825
A1ECN924JG66L9,0.2470567568056528,3.0,0.030927835051546393,0.007640930622855242
A3N460UI6OLB2D,0.37019791833045157,2.0,0.020618556701030927,0.007632946769700032
AQT5XA8P282J0,0.18504992160325817,4.0,0.041237113402061855,0.007630924602196213
A3LGNTK49DRLOM,0.37004506075416255,2.0,0.020618556701030927,0.007629795067096135
A2EUONIB3H2WHM,0.3699375427051981,2.0,0.020618556701030927,0.007627578200107177
A2N160B3VFV8AW,0.24645990801698037,3.0,0.030927835051546393,0.007622471381968465
A13S3XXRWQ9RUU,0.3690997492416209,2.0,0.020618556701030927,0.007610304108074658
A3RUZVOBJC5VNR,0.24601832843428975,3.0,0.030927835051546393,0.007608814281472879
A39SJQJYO2DV7X,0.24547241106612988,3.0,0.030927835051546393,0.007591930239158657
A1UODWQ2K6DFXT,0.7362127851379991,1.0,0.010309278350515464,0.007589822527195867
A2POTOUVRG4X07,0.1839874010223187,4.0,0.041237113402061855,0.007587109320507987
A13UFV2NWMQZ6B,0.2448755352455304,3.0,0.030927835051546393,0.0075734701622328995
A1UFVMXM571OUE,0.3671935151129812,2.0,0.020618556701030927,0.00757100031160786
A10W1KVOWEGIW9,0.14686751429617076,5.0,0.05154639175257732,0.0075704904276376675
A2M0R5SHEEDXME,0.24472672785165317,3.0,0.030927835051546393,0.0075688678717006136
A10S4UO5V413Q5,0.24445160348497522,3.0,0.030927835051546393,0.007560358870669337
ASMF02QC2PSRV,0.24407446118164192,3.0,0.030927835051546393,0.0075486946757208845
A24AJZ8ZQPK92G,0.2435981305648047,3.0,0.030927835051546393,0.007533962800973341
A3HH9T080T8E2Z,0.1825193003372539,4.0,0.041237113402061855,0.007526569086072325
A24GF60I5H7WJJ,0.18248408918330253,4.0,0.041237113402061855,0.007525117079723816
A1WKP4FDHVHDTO,0.24328938176495252,3.0,0.030927835051546393,0.007524413869019151
A18UVXWYTULFEL,0.242957804355715,3.0,0.030927835051546393,0.007514158897599434
A12R3YGEHW7D8G,0.36438744670299744,2.0,0.020618556701030927,0.007513143230989638
A318TH1Y9W9GOB,0.14571000003141377,5.0,0.05154639175257732,0.007510824743887307
A2IE5VF6N4R2FU,0.2422230920236859,3.0,0.030927835051546393,0.0074914358357841
A2B0WD72NXO0F7,0.2417048021088701,3.0,0.030927835051546393,0.007475406250789797
A2VAEIJDXYWU8M,0.24066536072692732,3.0,0.030927835051546393,0.00744325857918332
A1326CKJ4FZLG4,0.3606985382706546,2.0,0.020618556701030927,0.007437083263312466
A3NYIGMN9XO6CP,0.3603581125757842,2.0,0.020618556701030927,0.007430064176820293
A1ZRRVDOR23GEU,0.12006503696371326,6.0,0.061855670103092786,0.007426703317343088
AH0AG1JFF0Q2N,0.7189282674995705,1.0,0.010309278350515464,0.007411631623706913
AOZYVALWGGOMO,0.23959226691077412,3.0,0.030927835051546393,0.007410070110642499
AJGAZZE3HWAT2,0.7186790349257617,1.0,0.010309278350515464,0.007409062215729502
A297VTPNRS7KX1,0.1796688077817352,4.0,0.041237113402061855,0.007409023001308667
AS34283W45T25,0.11969167549132881,6.0,0.061855670103092786,0.007403608793278071
A2DYN539QZ2YA8,0.358948581579129,2.0,0.020618556701030927,0.007401001682043897
A1YCHB13QH6DYK,0.2391863420248756,3.0,0.030927835051546393,0.007397515732728111
A3EWYJXU7V4VA0,0.23911460309589677,3.0,0.030927835051546393,0.00739529700296588
A1DG05B7OHMNUH,0.11944414415200104,6.0,0.061855670103092786,0.007388297576412435
AXPAIEE0732A9,0.23879472039877642,3.0,0.030927835051546393,0.0073854037236734974
AGNKV18Y7SHG6,0.3576876449478142,2.0,0.020618556701030927,0.007375002988614725
A32W8WR1QHAOP6,0.35734940938935156,2.0,0.020618556701030927,0.007368029059574259
A2AGZT91KB7IL3,0.35714795869663085,2.0,0.020618556701030927,0.007363875437043935
AAT1JT5M65VGQ,0.07924266021803679,9.0,0.09278350515463918,0.007352411772807537
A35P1COO95IH1R,0.14256473740297604,5.0,0.05154639175257732,0.007348697804277115
A29RATMQFWDECV,0.3561702207838394,2.0,0.020618556701030927,0.0073437158924502975
A3G3LITI9EWHPM,0.3560786777322293,2.0,0.020618556701030927,0.007341828406850088
A1LMH3D9Z7IW1H,0.7103778623646634,1.0,0.010309278350515464,0.007323483117161478
AXT915PXH8DP4,0.3551818356920209,2.0,0.020618556701030927,0.007323336818392183
A1QDOS1ODOLH3P,0.23574619502607333,3.0,0.030927835051546393,0.007291119433796083
A2ADCQKOPLX63B,0.7066098766759945,1.0,0.010309278350515464,0.007284637903876232
A2K7GCHDI8PEDQ,0.23549718738630515,3.0,0.030927835051546393,0.007283418166586757
ABWNSBMXGS2M1,0.2354892761055913,3.0,0.030927835051546393,0.007283173487801793
A1PCC4CQBS55DR,0.2354588382642235,3.0,0.030927835051546393,0.007282232111264645
A3HNPEFZFFLUHY,0.3531401497387692,2.0,0.020618556701030927,0.0072812402007993654
A2HHKXLV3Z6O7Z,0.2353336623944542,3.0,0.030927835051546393,0.007278360692611985
A1GT5TH0LGAZ95,0.35288867598618817,2.0,0.020618556701030927,0.007276055174972952
AB4YW6ENQ8KV8,0.35256786413833757,2.0,0.020618556701030927,0.007269440497697682
A18PHRALHBLMF4,0.35130163715770746,2.0,0.020618556701030927,0.007243332724901185
A1U1GMMEWXL610,0.2341856100861339,3.0,0.030927835051546393,0.007242853920189708
A1BBPRN4F9OXBY,0.35107844927313714,2.0,0.020618556701030927,0.007238730912848188
A12AHK0NQ5SQHH,0.7020256190811962,1.0,0.010309278350515464,0.007237377516300992
A1H4OAS2PMDKX4,0.1746843982203628,4.0,0.041237113402061855,0.007203480338984033
A1KMUC7LFFUQ04,0.17457392566825972,4.0,0.041237113402061855,0.007198924769825143
AAGCE8NL4XVFP,0.17428372383102642,4.0,0.041237113402061855,0.007186957683753666
APHEX2PC3SRR9,0.1740421745718052,4.0,0.041237113402061855,0.007176996889558977
A1JN8TZDMG8Y2F,0.17385880582083124,4.0,0.041237113402061855,0.007169435291580669
A2GNZBWEYRJJO1,0.23120198076435755,3.0,0.030927835051546393,0.0071505767246708525
A2QQ17FC2WV8OM,0.23100715333509722,3.0,0.030927835051546393,0.007144551134075172
A2K0U8XWCZH4VT,0.17306169294644747,4.0,0.041237113402061855,0.007136564657585462
A1MG6RCVAUDDPU,0.34564859757905186,2.0,0.020618556701030927,0.007126775207815502
A1GR5SRP9SLDPA,0.17274680975360313,4.0,0.041237113402061855,0.007123579783653737
A1FW0RS12UDAZ0,0.2300959960606152,3.0,0.030927835051546393,0.007116371012183976
A12DZNX8QKMPMC,0.2291029602510525,3.0,0.030927835051546393,0.007085658564465542
A1XAWBA11WMFAP,0.22882194585918075,3.0,0.030927835051546393,0.007076967397706621
AX1JBP18RX6WW,0.3431143741586156,2.0,0.020618556701030927,0.007074523178528157
A2AMKJZI7YZEWG,0.2282970148672131,3.0,0.030927835051546393,0.007060732418573601
A1FWMGQW61OT8H,0.22810016739732208,3.0,0.030927835051546393,0.007054644352494498
A1RWKI4KCX3K72,0.2276772655419735,3.0,0.030927835051546393,0.0070415649136692845
ATZJVQ1U5L3Q7,0.34146441969915686,2.0,0.020618556701030927,0.007040503498951688
A2LOKIBHDBBN8Q,0.227296307150643,3.0,0.030927835051546393,0.007029782695380711
A28ETU4J2PG09N,0.34075925040681593,2.0,0.020618556701030927,0.007025963925913731
A2DXJCRPFJP0Y9,0.2269392665632624,3.0,0.030927835051546393,0.007018740202987497
A2C2S9BBPWTK9Y,0.17005160854399015,4.0,0.041237113402061855,0.007012437465731552
A207YLBL3U4ACG,0.13600341795325838,5.0,0.05154639175257732,0.007010485461508164
A2T7C6A7ITU0U1,0.09689826347804126,7.0,0.07216494845360824,0.006992658189136997
AY2MU7A52RHSY,0.33901274300186884,2.0,0.020618556701030927,0.006989953463956059
A34ZED9W06OMQ4,0.22589472343880526,3.0,0.030927835051546393,0.00698643474553006
A2J2JV8PYO8Z6D,0.225466905720088,3.0,0.030927835051546393,0.006973203269693444
AS02LU5CR8VJP,0.22515762408522388,3.0,0.030927835051546393,0.006963637858305893
A1OBYACTEXDKN3,0.33762077398361406,2.0,0.020618556701030927,0.006961253071827094
A324G7JXU9Y57G,0.08433245143420742,8.0,0.08247422680412371,0.006955253726532571
AJ8M6GVFGIRLS,0.13477781993228993,5.0,0.05154639175257732,0.00694731030578814
A2AC60JE8QH8UZ,0.33689178517878393,2.0,0.020618556701030927,0.006946222374820287
AX35AV9KLQPWW,0.33661886943063213,2.0,0.020618556701030927,0.006940595245992415
A1C9IZGFRJIAVB,0.22432783999906342,3.0,0.030927835051546393,0.006937974432960724
A14X10E0033VRO,0.22373859304129926,3.0,0.030927835051546393,0.006919750300246369
A284MUH12LIR1,0.16742041868024554,4.0,0.041237113402061855,0.0069039347909379606
A255LDQWWXHQHD,0.1673725616716122,4.0,0.041237113402061855,0.006901961306045865
A2916TBD8UON1L,0.334648233828903,2.0,0.020618556701030927,0.006899963584101093
A36MTABP6S7L1X,0.3343146760432381,2.0,0.020618556701030927,0.0068930861039842905
A3KLFLK1GQLGO8,0.3339688822973683,2.0,0.020618556701030927,0.006885956336028213
A2NK4VYMFSUY7P,0.3339680087346884,2.0,0.020618556701030927,0.006885938324426565
AUH5N8V1XHXC2,0.3335211698598026,2.0,0.020618556701030927,0.006876725151748507
A3JVFMJNWG96AR,0.22224390405065958,3.0,0.030927835051546393,0.006873522805690503
A3LPA9D5IOQ1XY,0.22147404931366346,3.0,0.030927835051546393,0.006849712865371035
AEZNE7TR0CHFI,0.13253844974569673,5.0,0.05154639175257732,0.006831878852870965
A383DUOX3SEVTU,0.33109186426021064,2.0,0.020618556701030927,0.006826636376499188
A1FT65Q22VCA2D,0.33080651716333076,2.0,0.020618556701030927,0.006820752931202696
A37IRE9GZ0CZ7I,0.16490300263991212,4.0,0.041237113402061855,0.006800123820202561
A3SAK9TQNSLAQT,0.32874313220038515,2.0,0.020618556701030927,0.006778208911348147
A1KX7ULHMWYE94,0.1642029462650509,4.0,0.041237113402061855,0.006771255516084572
AY5Q49L2XIAKB,0.2188835020448252,3.0,0.030927835051546393,0.006769592846747172
AK10XZKJ160B9,0.6561564316546638,1.0,0.010309278350515464,0.006764499295408904
AICTVDFQXRU8N,0.16378425653941522,4.0,0.041237113402061855,0.006753989960388257
A39MYWEXQ4ZRAA,0.21792402954197593,3.0,0.030927835051546393,0.0067399184394425545
A1ESPF558OLWZ1,0.16340132719365807,4.0,0.041237113402061855,0.006738199059532292
A53993GT6FK1Q,0.32664581610078763,2.0,0.020618556701030927,0.006734965280428611
A2SNI142G47D34,0.16331855365278586,4.0,0.041237113402061855,0.006734785717640654
A1K1Z8XHZLATOJ,0.1630996610138133,4.0,0.041237113402061855,0.006725759217064466
A1U8HAMAK7NH5U,0.13042889171485716,5.0,0.05154639175257732,0.006723138748188513
A2TVPIDNOLDYXG,0.3251587627856223,2.0,0.020618556701030927,0.006704304387332418
ARBKYIVNYWK3C,0.32504150014350686,2.0,0.020618556701030927,0.006701886600897048
A392X0SV97FYXA,0.16238695416251997,4.0,0.041237113402061855,0.006696369243815256
A2D8B2F7C8PRI2,0.3246998173629838,2.0,0.020618556701030927,0.006694841595113068
A2WR02CVUTY7VF,0.16225639995103908,4.0,0.041237113402061855,0.006690985564991302
A2F5UZ7VZDORAR,0.32381030450448506,2.0,0.020618556701030927,0.006676501123803816
A3GU5YTM2N686N,0.21567581072845943,3.0,0.030927835051546393,0.006670385898818333
A3EV2X0J4Z77MW,0.323386123194772,2.0,0.020618556701030927,0.006667755117417979
A1X3AM904OIM4X,0.6455728068692149,1.0,0.010309278350515464,0.006655389761538298
A1ZGJHOJEPSQNE,0.3221884562676757,2.0,0.020618556701030927,0.006643060953972695
A36PK1YVRHHTHI,0.21479179226370765,3.0,0.030927835051546393,0.006643045121557969
AYPPS0BNSHNZU,0.21454304796886747,3.0,0.030927835051546393,0.006635351999037139
A3NNDJLZZ2I9F,0.32116271853176387,2.0,0.020618556701030927,0.006621911722304409
A2GEURP6P1FIHR,0.1605100689585051,4.0,0.041237113402061855,0.006618971915814642
A3PWMOU1PQMLKI,0.16050761580721123,4.0,0.041237113402061855,0.006618870754936545
ATJV21G2AHB72,0.16042611542290647,4.0,0.041237113402061855,0.006615509914346659
AR4RR42GOXOL7,0.32031739051330543,2.0,0.020618556701030927,0.006604482278624854
A1XQRNPLYQX80Z,0.15995426863215995,4.0,0.041237113402061855,0.006596052314728245
A1L1GM88JCXGLQ,0.31963043014834314,2.0,0.020618556701030927,0.0065903181473885184
AK47LZJ4JGX,0.21305817918844028,3.0,0.030927835051546393,0.006589428222322896
A3DBKS6257OCJW,0.3195384141363119,2.0,0.020618556701030927,0.00658842091002705
A2JOTTF0HLND3J,0.31922517872301714,2.0,0.020618556701030927,0.00658196244789726
A2WEWS5QLR7P4Y,0.12767933570570117,5.0,0.05154639175257732,0.006581409056994905
A1296VZUHO5Z7C,0.21234291571456537,3.0,0.030927835051546393,0.0065673066715844965
AN5BWCA0MU1LR,0.21211119932880246,3.0,0.030927835051546393,0.00656014018542688
A14YTPQDH3PAZU,0.1586728933544228,4.0,0.041237113402061855,0.0065432120970896
A225KOTGHS3BRA,0.10573504116221308,6.0,0.061855670103092786,0.006540311824466788
A2JR9SYLBHPG6T,0.21071975974157398,3.0,0.030927835051546393,0.0065171059713888865
A105188E1HFWRX,0.1263023792012588,5.0,0.05154639175257732,0.00651043191759066
AH117ZCSYX7FH,0.6310975373337127,1.0,0.010309278350515464,0.006506160178698069
A2FD49OIFUN12M,0.631017170295299,1.0,0.010309278350515464,0.006505331652528856
APGJXTZVV4JXN,0.6305483703085635,1.0,0.010309278350515464,0.006500498662974881
A10YG5BXSCPD91,0.31450938116305727,2.0,0.020618556701030927,0.006484729508516644
A3F3B6HY9RJI04,0.31447825284679176,2.0,0.020618556701030927,0.006484087687562716
A3G3XO6IDVMC7X,0.15707978314059684,4.0,0.041237113402061855,0.006477516830540076
A2AOYPE2OK5TJH,0.12546121673714994,5.0,0.05154639175257732,0.006467073027688141
AV2FLVM0MAH18,0.209059946636103,3.0,0.030927835051546393,0.006465771545446484
ADRP1OAW0ZI2Q,0.3120191554057399,2.0,0.020618556701030927,0.006433384647541028
A3Q0Y57BYSUSLZ,0.155986105241234,4.0,0.041237113402061855,0.006432416710978721
APQH88X7RT7WT,0.20792937354343796,3.0,0.030927835051546393,0.006430805367322824
A1987XBTRXZSNZ,0.207781662043443,3.0,0.030927835051546393,0.0064262369704157635
A27LFNOWXL1I7C,0.31144677963728484,2.0,0.020618556701030927,0.006421583085304842
A2Y85E6GF6Z6RU,0.31133974601777714,2.0,0.020618556701030927,0.006419376206552106
ALXIVAK87QUW,0.3112776837379888,2.0,0.020618556701030927,0.006418096571917295
ANQUZJKZVBQII,0.3112495395881029,2.0,0.020618556701030927,0.00641751628016707
A30PQ0X9PAHPOY,0.31056068079001126,2.0,0.020618556701030927,0.006403313005979613
A2VMUAVIQX7RCL,0.15522576219294576,4.0,0.041237113402061855,0.00640106235847199
A1QW7EP30UAWKF,0.30994987970719257,2.0,0.020618556701030927,0.006390719169220465
A2616YSIRQGFG4,0.15493522553186737,4.0,0.041237113402061855,0.006389081465231644
A3IL26VFYUWF59,0.6191329344942383,1.0,0.010309278350515464,0.00638281375767256
AFOB8PQJ55BOE,0.1547486710992893,4.0,0.041237113402061855,0.006381388498939765
A3TTCIWET3HYQH,0.6188944630797468,1.0,0.010309278350515464,0.006380355289481926
A37M24GZ63ISK8,0.20623349324668544,3.0,0.030927835051546393,0.006378355461237694
A33R1ND1P7S66I,0.1544899351335705,4.0,0.041237113402061855,0.006370718974580227
A30Q1PK948KFZA,0.2054005824500043,3.0,0.030927835051546393,0.006352595333505288
AYLIZD3OTU149,0.15385746874237338,4.0,0.041237113402061855,0.006344637886283438
A3KA1BJ6054XFF,0.3074620719667349,2.0,0.020618556701030927,0.0063394241642625755
AP5UOQ1F010V1,0.3071501259920936,2.0,0.020618556701030927,0.006332992288496776
ARWGJ3IV883CU,0.20455420984957462,3.0,0.030927835051546393,0.00632641886132705
A35PBET6ASHY7J,0.3067633700102591,2.0,0.020618556701030927,0.006325017938355858
A21V3SBIUCWI3J,0.3065076950934186,2.0,0.020618556701030927,0.00631974629058595
A2IIHYLKO4OUB1,0.12255126245974107,5.0,0.05154639175257732,0.006317075384522735
A39S5DHD7KI1LM,0.6119435000797059,1.0,0.010309278350515464,0.00630869587711037
A1BVI1R4GJMABC,0.12234927262963596,5.0,0.05154639175257732,0.006306663537610101
A354FGSCYXYWPE,0.611600288818736,1.0,0.010309278350515464,0.006305157616688
A2CEUUD4H3JV8D,0.20386288194541047,3.0,0.030927835051546393,0.00630503758594053
AF9NWZ4SJ5ZUU,0.12217795442513169,5.0,0.05154639175257732,0.006297832702326376
A2EQUA659UKXO4,0.15248463096262257,4.0,0.041237113402061855,0.006288026019077219
A38VL5ODQ7CXZ5,0.20330794330539748,3.0,0.030927835051546393,0.006287874535218479
AI666X3IN3FSD,0.6098259644349475,1.0,0.010309278350515464,0.006286865612731418
A1BUMIQ9GG2Q6I,0.15241048709268745,4.0,0.041237113402061855,0.006284968539904637
A7KA68ILUFPOV,0.2031173345253602,3.0,0.030927835051546393,0.00628197941831011
A8SSQ3F61OD30,0.20275009630888335,3.0,0.030927835051546393,0.00627062153532629
A2MSF0BYX2U54Z,0.3040633160061187,2.0,0.020618556701030927,0.006269346721775643
A2RNYF2PTOB82J,0.12160287092860841,5.0,0.05154639175257732,0.0062681892231241446
A29SJE9QDWS9AE,0.3039331573484086,2.0,0.020618556701030927,0.006266663038111517
A1G2T0T5COZOC0,0.607842454170926,1.0,0.010309278350515464,0.006266417053308515
A1ARYNFLB83Q1B,0.3039074311513599,2.0,0.020618556701030927,0.006266132601058966
A2Q6JDDARML5CO,0.30254149549297604,2.0,0.020618556701030927,0.00623796897923662
AX63QEFAEBT4P,0.20158986705619078,3.0,0.030927835051546393,0.006234738156377035
A31N9WJ1W1HB0K,0.20123948641993372,3.0,0.030927835051546393,0.00622390164185362
A132HDSAZWQVH7,0.20123549698230342,3.0,0.030927835051546393,0.006223778257184642
A33XVI31O4U4GQ,0.30175102492630324,2.0,0.020618556701030927,0.00622167061703718
A2FB80WKFOFI7B,0.1506702969831712,4.0,0.041237113402061855,0.0062132081230173684
A13OYPEGL3GLIV,0.10040463359840858,6.0,0.061855670103092786,0.006210595892685067
A3GRU6DYI1O9K0,0.20039529066182205,3.0,0.030927835051546393,0.006197792494695527
A1HQP4YJLB3ZHA,0.30052616759265605,2.0,0.020618556701030927,0.006196415826652702
A2M9C2VKEWMXRI,0.20007362658224243,3.0,0.030927835051546393,0.006187844121100281
AT1BY9S4DM71R,0.59999500404218,1.0,0.010309278350515464,0.006185515505589484
A1A28PNU23HNPR,0.599849850536171,1.0,0.010309278350515464,0.006184019077692484
A3N7F68HSVKMQ2,0.1998798554485834,3.0,0.030927835051546393,0.006181851199440724
A33UBKJLLXGG7Q,0.5995631016887734,1.0,0.010309278350515464,0.006181062904007973
A3NG26RAPT6POX,0.2992486810647413,2.0,0.020618556701030927,0.006170075898242088
AGTM2VNAL7VS3,0.11961382749820725,5.0,0.05154639175257732,0.0061656612112477955
A2WGHCMD3TA0TZ,0.2987400375309157,2.0,0.020618556701030927,0.006159588402699293
A16LL87A55LU2Y,0.29863170406611395,2.0,0.020618556701030927,0.006157354723012659
A4L30FEUIR0ZV,0.1990827852229267,3.0,0.030927835051546393,0.006157199542977114
A3DIPR56DLJMM8,0.19902794195182083,3.0,0.030927835051546393,0.006155503359334665
A10HGE7LJ8EQA8,0.5960524234060862,1.0,0.010309278350515464,0.006144870344392641
AZYPOLLSDVG4K,0.2977971272279327,2.0,0.020618556701030927,0.006140146953153252
A3DRU4KMCUAS8Y,0.29774530176578323,2.0,0.020618556701030927,0.006139078386923366
AG9O59IAKJDOH,0.19838644219973642,3.0,0.030927835051546393,0.0061356631608165905
A28G6EOA3LGX31,0.1982104204390593,3.0,0.030927835051546393,0.0061302191888368855
AVTQB8FI2KW8Q,0.2972692389663295,2.0,0.020618556701030927,0.006129262659099578
A1IJ8A8A4DZT3C,0.14856914460335668,4.0,0.041237113402061855,0.006126562664055946
A39ZMUF30KIY2B,0.11876303712762709,5.0,0.05154639175257732,0.00612180603750655
A2HDYNSUN6JJUP,0.2963188642226663,2.0,0.020618556701030927,0.006109667303560129
A36H5J91Y9HO1V,0.2961573210833106,2.0,0.020618556701030927,0.006106336517181662
A33RII6U1H9EV9,0.29614803430078945,2.0,0.020618556701030927,0.006106145037129679
A1PT407NLZY5RH,0.14803261080562666,4.0,0.041237113402061855,0.006104437558994914
A1W2PKCD3OV2OD,0.11835197199190528,5.0,0.05154639175257732,0.006100617112984808
A27YXZS8KA3SQT,0.2958755519866113,2.0,0.020618556701030927,0.006100526845084769
A1QZTLTAZXU77,0.5917209586422516,1.0,0.010309278350515464,0.006100216068476821
A14YZ43JUA3ULY,0.2957299255101935,2.0,0.020618556701030927,0.0060975242373235775
ASNJJCWIN3C2N,0.19665406435737004,3.0,0.030927835051546393,0.006082084464660929
A2YEJLD2ETKUP4,0.19662023686282687,3.0,0.030927835051546393,0.006081038253489491
AZBD8BN3YO7A6,0.29472247945692537,2.0,0.020618556701030927,0.006076752153751038
A2XEAMJZEN2CZS,0.29461019018033696,2.0,0.020618556701030927,0.006074436910934782
A3P5GLO9V0XTOE,0.2939526408403449,2.0,0.020618556701030927,0.006060879192584431
A1KASPAAZ5P3Z4,0.14686396673853497,4.0,0.041237113402061855,0.006056246051073607
A5BAEHA3D8NCU,0.29360645031704347,2.0,0.020618556701030927,0.006053741243650381
A33ES9OCVKVWO8,0.14676951717015693,4.0,0.041237113402061855,0.006052351223511626
AEJIMMBX4VMS3,0.2929290224769162,2.0,0.020618556701030927,0.00603977365931786
A2BH945DHGH5J7,0.11709144699713757,5.0,0.05154639175257732,0.006035641597790596
A3PX53QADUY8JK,0.19500677755031448,3.0,0.030927835051546393,0.006031137450009726
A1LUGVFDKPE7N7,0.19447261514037548,3.0,0.030927835051546393,0.006014616963104396
A2MN1D2IJW1O8N,0.2916794746343183,2.0,0.020618556701030927,0.006014009786274604
A3SEW1ECTN5D0D,0.14577033424023791,4.0,0.041237113402061855,0.006011147803721151
A174ZAJY9Q416B,0.2911850385519056,2.0,0.020618556701030927,0.006003815227874342
A3V34YQOWJ4HR4,0.2904896948282459,2.0,0.020618556701030927,0.005989478243881358
AUG4R0VSF855T,0.29048959102465965,2.0,0.020618556701030927,0.00598947610360123
AU373JJVPGRD7,0.19365899328063976,3.0,0.030927835051546393,0.0059894534004321575
A39JZXGQPTFW60,0.1451701054331728,4.0,0.041237113402061855,0.005986396100337022
A1GBVRPUHZRMYH,0.19334848451944664,3.0,0.030927835051546393,0.005979850036683917
A6VKJ5ADIQBVE,0.09656705786256051,6.0,0.061855670103092786,0.005973220073972815
A49S23OY70M39,0.19302527680469153,3.0,0.030927835051546393,0.005969853921794584
A3SDKP5Z9IV6S3,0.5776156299095858,1.0,0.010309278350515464,0.005954800308346246
