book_id,ri
1,4.28
2,4.35
3,3.21
4,4.33
5,3.77
6,4.19
7,4.15
8,3.71
9,3.6
10,4.19
11,4.17
12,4.03
13,4.05
14,3.83
15,4.06
16,3.99
17,4.13
18,4.42
19,4.27
20,3.85
21,4.36
22,3.63
23,4.23
24,4.43
25,4.53
26,3.62
27,4.44
28,3.66
29,3.71
30,3.91
31,4.38
32,3.84
33,4.0
34,3.09
35,3.6
36,4.07
37,4.1
38,3.86
39,4.34
40,3.26
41,3.99
42,4.0
43,4.03
44,3.73
45,3.83
46,3.96
47,4.31
48,3.93
49,3.22
50,4.31
51,3.85
52,3.38
53,3.61
54,4.11
55,3.89
56,3.35
57,3.93
58,3.83
59,4.11
60,3.79
61,3.71
62,3.89
63,3.73
64,3.84
65,4.03
66,4.22
67,4.22
68,3.98
69,3.86
70,4.26
71,3.71
72,4.12
73,3.62
74,3.87
75,3.64
76,3.99
77,3.92
78,3.47
79,3.72
80,4.16
81,4.14
82,3.81
83,3.78
84,3.92
85,4.34
86,3.94
87,4.27
88,3.71
89,4.29
90,3.95
91,3.75
92,3.89
93,4.08
94,3.94
95,3.93
96,3.44
97,3.86
98,4.1
99,3.45
100,3.98
101,3.98
102,4.26
103,4.2
104,3.86
105,3.38
106,3.88
107,3.84
108,3.39
109,4.12
110,4.3
111,3.54
112,4.16
113,3.91
114,3.8
115,3.97
116,3.85
117,4.04
118,3.88
119,3.96
120,3.59
121,3.83
122,3.37
123,3.83
124,3.94
125,4.0
126,4.13
127,3.84
128,4.09
129,4.14
130,3.6
131,3.89
132,3.67
133,4.19
134,4.13
135,4.42
136,3.7
137,4.06
138,3.33
139,3.65
140,4.08
141,4.31
142,4.17
143,4.28
144,4.44
145,3.42
146,3.87
147,3.85
148,3.77
149,3.76
150,4.04
151,4.04
152,3.68
153,4.01
154,3.9
155,4.33
156,3.58
157,4.25
158,4.05
159,4.19
160,3.68
161,4.42
162,3.83
163,4.2
164,4.05
165,3.97
166,3.51
167,3.99
168,4.26
169,3.88
170,3.33
171,3.92
172,3.93
173,3.84
174,3.38
175,4.31
176,4.0
177,4.05
178,3.84
179,3.96
180,3.85
181,4.06
182,3.48
183,4.15
184,4.22
185,3.93
186,3.89
187,3.73
188,4.19
189,4.38
190,3.84
191,4.28
192,4.5
193,4.02
194,3.44
195,4.06
196,4.08
197,3.82
198,4.11
199,3.95
200,4.14
201,3.4
202,3.71
203,3.98
204,3.97
205,3.87
206,3.89
207,3.86
208,4.01
209,4.17
210,3.98
211,3.78
212,3.78
213,3.68
214,4.13
215,4.24
216,4.06
217,3.9
218,3.89
219,4.14
220,4.06
221,3.83
222,4.0
223,3.68
224,3.49
225,4.27
226,3.78
227,3.81
228,3.24
229,3.99
230,4.04
231,4.02
232,3.88
233,3.77
234,3.93
235,3.8
236,4.09
237,3.77
238,3.51
239,3.94
240,3.55
241,4.05
242,3.89
243,3.91
244,3.74
245,3.93
246,3.56
247,3.77
248,3.92
249,3.85
250,4.45
251,4.07
252,4.04
253,3.79
254,3.54
255,3.49
256,3.55
257,3.97
258,4.11
259,3.72
260,3.89
261,3.64
262,4.08
263,3.92
264,3.73
265,4.19
266,3.85
267,4.47
268,3.69
269,3.81
270,4.14
271,3.98
272,3.93
273,3.95
274,4.27
275,3.59
276,4.08
277,3.92
278,4.32
279,3.69
280,3.84
281,3.79
282,3.94
283,4.17
284,3.49
285,3.95
286,3.82
287,3.64
288,4.02
289,3.99
290,3.71
291,4.24
292,4.01
293,3.8
294,4.31
295,4.21
296,4.26
297,4.11
298,3.77
299,3.67
300,4.03
301,3.39
302,3.92
303,3.16
304,4.04
305,3.69
306,3.7
307,4.48
308,3.63
309,3.92
310,3.55
311,4.12
312,4.09
313,3.87
314,3.76
315,3.4
316,4.01
317,4.05
318,4.0
319,4.07
320,3.89
321,3.95
322,4.09
323,3.91
324,4.07
325,4.13
326,3.77
327,4.02
328,3.94
329,4.15
330,4.03
331,3.8
332,3.91
333,4.22
334,4.08
335,3.93
336,3.82
337,4.31
338,3.59
339,4.24
340,3.76
341,3.74
342,3.17
343,3.82
344,4.03
345,3.75
346,3.94
347,3.85
348,3.71
349,3.86
350,3.92
351,4.29
352,3.64
353,3.9
354,3.64
355,4.01
356,3.74
357,3.85
358,4.26
359,3.99
360,3.98
361,3.76
362,4.08
363,4.04
364,4.33
365,4.23
366,4.21
367,3.98
368,4.03
369,3.72
370,3.84
371,3.87
372,4.01
373,4.14
374,4.13
375,3.76
376,3.5
377,4.03
378,3.89
379,3.82
380,3.88
381,3.87
382,3.76
383,3.42
384,4.18
385,3.99
386,3.8
387,3.54
388,3.6
389,4.3
390,3.74
391,4.32
392,3.77
393,4.17
394,4.26
395,3.88
396,3.88
397,3.88
398,3.78
399,3.83
400,3.83
401,3.7
402,4.09
403,3.8
404,3.88
405,3.99
406,3.94
407,3.88
408,3.95
409,4.18
410,3.55
411,3.57
412,4.08
413,3.99
414,3.62
415,3.36
416,4.11
417,3.85
418,4.28
419,4.24
420,3.69
421,3.73
422,4.66
423,3.77
424,3.99
425,3.6
426,3.73
427,4.14
428,4.33
429,3.88
430,4.03
431,3.92
432,4.09
433,4.05
434,3.85
435,3.8
436,3.8
437,4.17
438,3.93
439,3.98
440,4.12
441,3.75
442,4.02
443,3.97
444,4.3
445,3.71
446,4.11
447,3.8
448,3.57
449,3.68
450,3.86
451,3.72
452,4.0
453,3.75
454,4.16
455,3.69
456,3.96
457,3.67
458,4.01
459,4.31
460,4.41
461,3.92
462,3.94
463,4.15
464,4.17
465,3.66
466,4.46
467,3.77
468,3.78
469,3.78
470,4.0
471,3.76
472,4.31
473,3.68
474,3.79
475,3.94
476,4.0
477,3.91
478,3.59
479,3.63
480,3.98
481,3.95
482,4.06
483,3.9
484,3.51
485,4.14
486,3.76
487,3.79
488,4.32
489,4.08
490,4.37
491,3.71
492,3.9
493,4.17
494,3.98
495,3.57
496,3.85
497,3.88
498,4.02
499,3.6
500,3.57
501,3.65
502,4.21
503,3.98
504,4.31
505,3.43
506,3.93
507,4.37
508,3.67
509,3.58
510,4.05
511,3.85
512,4.31
513,4.41
514,4.2
515,4.18
516,4.05
517,3.88
518,4.07
519,3.74
520,4.04
521,4.02
522,3.92
523,4.06
524,3.95
525,3.93
526,3.75
527,3.83
528,4.1
529,3.52
530,4.02
531,3.36
532,4.27
533,3.21
534,3.99
535,3.92
536,3.92
537,3.91
538,3.82
539,4.26
540,4.17
541,4.02
542,3.8
543,4.33
544,4.17
545,4.24
546,3.65
547,3.72
548,3.52
549,4.21
550,4.12
551,3.7
552,3.92
553,3.71
554,4.23
555,4.15
556,3.47
557,3.75
558,3.95
559,3.67
560,3.6
561,4.18
562,4.55
563,3.87
564,3.95
565,4.22
566,3.6
567,3.99
568,4.26
569,3.86
570,3.89
571,3.97
572,3.92
573,3.29
574,3.91
575,3.69
576,3.68
577,3.76
578,3.53
579,4.08
580,3.96
581,4.2
582,3.5
583,3.97
584,3.4
585,4.28
586,3.63
587,3.77
588,4.02
589,4.03
590,3.88
591,4.13
592,4.16
593,3.91
594,3.9
595,3.53
596,3.76
597,3.78
598,4.05
599,4.14
600,3.68
601,4.12
602,3.84
603,4.32
604,3.76
605,3.6
606,3.63
607,4.26
608,4.26
609,3.45
610,4.32
611,3.61
612,4.12
613,4.0
614,3.91
615,3.95
616,3.85
617,3.57
618,3.96
619,4.05
620,4.07
621,3.87
622,3.63
623,3.84
624,3.93
625,3.86
626,4.19
627,4.26
628,4.0
629,3.49
630,3.83
631,3.86
632,3.84
633,3.92
634,3.78
635,3.7
636,4.27
637,4.02
638,3.6
639,3.89
640,3.51
641,3.92
642,4.13
643,3.63
644,4.21
645,3.62
646,3.44
647,3.48
648,3.86
649,3.76
650,3.71
651,3.89
652,3.87
653,3.9
654,3.7
655,3.37
656,3.63
657,3.64
658,3.67
659,3.72
660,3.41
661,4.24
662,4.05
663,4.06
664,3.83
665,3.95
666,3.95
667,3.93
668,3.71
669,4.09
670,3.81
671,3.93
672,4.06
673,4.19
674,3.94
675,3.72
676,3.88
677,4.24
678,3.96
679,4.23
680,3.88
681,4.13
682,3.74
683,3.8
684,4.36
685,3.57
686,3.77
687,4.04
688,3.98
689,3.65
690,3.57
691,4.29
692,3.78
693,3.63
694,3.42
695,3.95
696,3.88
697,3.82
698,3.95
699,3.74
700,3.77
701,3.62
702,3.72
703,3.72
704,4.03
705,3.46
706,3.81
707,3.89
708,3.49
709,4.17
710,3.58
711,4.1
712,4.2
713,4.14
714,3.89
715,3.46
716,3.76
717,4.45
718,3.74
719,3.78
720,3.98
721,4.23
722,4.04
723,4.1
724,3.87
725,4.15
726,4.08
727,3.65
728,4.1
729,4.14
730,3.35
731,4.05
732,3.3
733,3.75
734,4.35
735,4.33
736,3.8
737,4.09
738,4.12
739,4.3
740,4.34
741,3.27
742,4.15
743,4.17
744,3.9
745,3.83
746,4.22
747,4.09
748,3.87
749,4.16
750,4.12
751,4.08
752,4.42
753,4.07
754,3.96
755,4.12
756,3.79
757,4.43
758,4.05
759,4.19
760,4.2
761,3.61
762,4.33
763,3.84
764,3.7
765,4.14
766,4.35
767,4.11
768,4.01
769,4.43
770,3.65
771,3.69
772,3.71
773,3.79
774,4.36
775,4.04
776,3.87
777,3.53
778,3.86
779,4.18
780,4.66
781,3.61
782,3.6
783,3.69
784,3.93
785,4.01
786,4.29
787,3.92
788,3.94
789,4.13
790,3.94
791,3.85
792,4.26
793,4.18
794,4.03
795,3.73
796,4.16
797,4.06
798,4.07
799,4.0
800,4.07
801,3.79
802,3.49
803,4.14
804,3.78
805,3.76
806,4.15
807,3.43
808,4.15
809,4.08
810,4.29
811,3.66
812,4.1
813,3.44
814,3.72
815,4.03
816,3.74
817,4.28
818,3.41
819,3.68
820,4.07
821,3.62
822,3.67
823,3.68
824,3.63
825,3.76
826,3.93
827,4.01
828,4.21
829,3.9
830,3.7
831,3.88
832,3.98
833,3.64
834,3.86
835,4.07
836,3.82
837,3.85
838,3.66
839,3.77
840,4.32
841,4.36
842,4.21
843,3.64
844,4.05
845,4.06
846,4.13
847,3.74
848,3.89
849,3.59
850,3.68
851,3.48
852,4.29
853,3.89
854,3.78
855,3.92
856,3.73
857,3.97
858,4.19
859,4.05
860,3.85
861,4.09
862,4.7
863,4.34
864,4.12
865,3.85
866,3.86
867,3.76
868,4.08
869,3.6
870,4.33
871,3.75
872,3.92
873,3.82
874,3.92
875,3.55
876,4.1
877,4.13
878,3.99
879,3.63
880,3.85
881,4.04
882,4.07
883,3.82
884,3.87
885,3.74
886,3.89
887,3.66
888,4.25
889,4.23
890,4.13
891,3.92
892,3.73
893,4.39
894,4.21
895,3.76
896,3.97
897,3.89
898,3.68
899,3.89
900,4.04
901,4.0
902,4.04
903,3.44
904,3.69
905,4.11
906,3.79
907,3.97
908,3.3
909,4.01
910,4.12
911,3.31
912,3.99
913,4.11
914,4.09
915,3.65
916,3.51
917,4.01
918,3.84
919,3.74
920,3.63
921,4.03
922,3.72
923,3.73
924,3.4
925,3.81
926,3.4
927,3.77
928,3.95
929,3.93
930,3.74
931,3.23
932,3.96
933,4.02
934,3.68
935,3.81
936,4.07
937,4.16
938,4.15
939,3.72
940,3.84
941,3.78
942,3.98
943,3.96
944,3.61
945,3.66
946,3.47
947,4.09
948,3.9
949,4.0
950,4.3
951,3.82
952,3.52
953,4.13
954,4.05
955,3.51
956,4.26
957,3.75
958,4.46
959,3.53
960,4.26
961,3.88
962,4.19
963,3.78
964,4.52
965,3.86
966,4.06
967,3.62
968,3.5
969,3.54
970,4.1
971,4.05
972,3.77
973,3.39
974,3.63
975,3.83
976,4.47
977,3.92
978,3.89
979,3.84
980,4.09
981,3.54
982,3.97
983,4.34
984,3.69
985,4.21
986,3.47
987,4.37
988,4.34
989,4.14
990,3.88
991,3.87
992,3.52
993,4.01
994,4.27
995,3.96
996,4.01
997,3.97
998,4.45
999,4.05
1000,3.97
1001,3.17
1002,4.24
1003,3.98
1004,3.92
1005,3.66
1006,3.63
1007,3.62
1008,4.02
1009,3.51
1010,4.65
1011,3.98
1012,4.03
1013,4.1
1014,3.97
1015,3.94
1016,3.93
1017,3.94
1018,4.13
1019,3.98
1020,3.93
1021,3.92
1022,4.48
1023,3.96
1024,3.7
1025,3.83
1026,4.28
1027,4.26
1028,3.51
1029,4.49
1030,3.93
1031,3.98
1032,3.86
1033,3.79
1034,4.09
1035,3.98
1036,4.23
1037,3.69
1038,3.82
1039,3.19
1040,3.68
1041,4.04
1042,3.88
1043,3.91
1044,3.75
1045,3.94
1046,3.76
1047,4.27
1048,3.96
1049,4.05
1050,3.82
1051,3.8
1052,3.81
1053,3.9
1054,3.43
1055,3.84
1056,3.72
1057,3.66
1058,3.96
1059,3.86
1060,4.04
1061,3.94
1062,3.63
1063,3.55
1064,3.92
1065,4.13
1066,3.71
1067,4.03
1068,3.99
1069,3.85
1070,4.06
1071,3.96
1072,3.53
1073,3.69
1074,4.07
1075,3.62
1076,3.4
1077,4.12
1078,3.91
1079,3.25
1080,3.9
1081,4.16
1082,3.78
1083,3.63
1084,3.62
1085,3.17
1086,3.93
1087,3.99
1088,3.88
1089,3.9
1090,4.01
1091,4.0
1092,3.85
1093,3.84
1094,3.72
1095,3.78
1096,3.99
1097,3.73
1098,3.95
1099,4.29
1100,4.14
1101,3.73
1102,3.88
1103,3.94
1104,3.4
1105,3.77
1106,4.22
1107,3.61
1108,4.25
1109,4.09
1110,4.27
1111,3.33
1112,4.17
1113,3.91
1114,4.05
1115,3.7
1116,3.75
1117,3.53
1118,3.57
1119,3.83
1120,4.03
1121,4.01
1122,4.02
1123,3.84
1124,3.64
1125,3.03
1126,3.81
1127,4.24
1128,3.98
1129,3.89
1130,4.25
1131,3.9
1132,3.63
1133,3.83
1134,4.05
1135,3.79
1136,3.84
1137,3.91
1138,4.02
1139,3.38
1140,3.8
1141,3.95
1142,4.1
1143,3.9
1144,3.84
1145,3.62
1146,4.12
1147,3.68
1148,3.86
1149,3.57
1150,3.99
1151,4.02
1152,3.73
1153,4.0
1154,4.23
1155,3.91
1156,3.77
1157,3.67
1158,4.3
1159,3.93
1160,4.0
1161,3.96
1162,3.4
1163,3.71
1164,3.86
1165,4.09
1166,3.91
1167,3.93
1168,3.98
1169,4.24
1170,4.19
1171,3.71
1172,3.9
1173,3.61
1174,3.39
1175,4.09
1176,4.12
1177,3.8
1178,3.83
1179,4.11
1180,4.14
1181,4.03
1182,3.9
1183,4.34
1184,3.74
1185,3.96
1186,3.63
1187,3.78
1188,3.64
1189,3.52
1190,3.97
1191,3.86
1192,4.26
1193,3.74
1194,3.93
1195,3.9
1196,4.09
1197,3.95
1198,4.23
1199,4.17
1200,4.14
1201,3.68
1202,3.82
1203,4.27
1204,3.57
1205,4.06
1206,3.38
1207,3.89
1208,3.78
1209,3.62
1210,4.16
1211,4.13
1212,3.74
1213,3.59
1214,3.59
1215,3.75
1216,4.04
1217,3.99
1218,4.07
1219,4.05
1220,3.58
1221,3.63
1222,3.81
1223,4.3
1224,4.03
1225,3.86
1226,4.03
1227,3.97
1228,4.21
1229,4.23
1230,4.12
1231,3.67
1232,4.03
1233,3.81
1234,3.95
1235,4.24
1236,3.47
1237,4.02
1238,4.05
1239,3.89
1240,4.25
1241,3.92
1242,3.82
1243,4.03
1244,3.8
1245,3.63
1246,4.05
1247,3.92
1248,4.01
1249,3.74
1250,3.77
1251,4.09
1252,3.94
1253,4.07
1254,4.13
1255,3.49
1256,4.23
1257,4.1
1258,3.88
1259,4.25
1260,3.71
1261,3.86
1262,3.82
1263,4.04
1264,4.56
1265,4.46
1266,4.1
1267,4.0
1268,3.66
1269,3.96
1270,3.74
1271,3.77
1272,3.83
1273,3.97
1274,4.32
1275,4.28
1276,3.99
1277,3.93
1278,4.01
1279,3.74
1280,3.75
1281,3.6
1282,3.64
1283,3.71
1284,3.98
1285,3.98
1286,3.73
1287,4.22
1288,4.05
1289,3.87
1290,3.77
1291,4.17
1292,4.2
1293,3.97
1294,3.87
1295,4.12
1296,3.54
1297,3.64
1298,4.06
1299,3.92
1300,3.98
1301,3.62
1302,3.62
1303,3.87
1304,4.24
1305,4.04
1306,3.17
1307,3.61
1308,4.72
1309,3.77
1310,4.1
1311,3.38
1312,3.76
1313,4.37
1314,3.93
1315,4.04
1316,3.55
1317,3.59
1318,3.94
1319,3.88
1320,4.4
1321,4.2
1322,4.13
1323,3.63
1324,3.84
1325,3.98
1326,4.04
1327,4.02
1328,4.11
1329,4.08
1330,3.92
1331,4.24
1332,3.9
1333,3.93
1334,3.31
1335,4.01
1336,4.2
1337,4.31
1338,4.1
1339,3.79
1340,4.36
1341,4.33
1342,4.41
1343,3.85
1344,3.84
1345,3.8
1346,4.15
1347,3.7
1348,4.07
1349,4.08
1350,4.24
1351,3.96
1352,4.19
1353,4.37
1354,3.9
1355,4.48
1356,4.16
1357,3.74
1358,4.1
1359,4.11
1360,3.78
1361,3.85
1362,3.74
1363,4.34
1364,4.09
1365,3.87
1366,3.77
1367,4.08
1368,4.21
1369,3.79
1370,4.17
1371,4.06
1372,3.71
1373,3.86
1374,4.48
1375,3.37
1376,3.99
1377,4.25
1378,3.85
1379,3.84
1380,4.52
1381,3.84
1382,4.06
1383,4.07
1384,4.02
1385,3.84
1386,3.73
1387,3.75
1388,3.75
1389,3.45
1390,4.01
1391,3.79
1392,3.7
1393,3.93
1394,4.34
1395,3.41
1396,3.89
1397,4.02
1398,3.45
1399,4.17
1400,3.94
1401,3.9
1402,4.13
1403,3.86
1404,3.9
1405,3.94
1406,3.98
1407,3.6
1408,4.17
1409,2.51
1410,4.12
1411,3.92
1412,4.12
1413,3.9
1414,3.69
1415,3.94
1416,4.29
1417,3.12
1418,3.94
1419,4.39
1420,4.12
1421,3.35
1422,4.19
1423,3.49
1424,3.9
1425,3.77
1426,3.69
1427,3.75
1428,4.01
1429,4.15
1430,3.21
1431,4.02
1432,3.37
1433,3.51
1434,3.66
1435,4.2
1436,3.35
1437,4.04
1438,3.62
1439,3.6
1440,4.07
1441,4.09
1442,3.4
1443,3.71
1444,4.02
1445,3.78
1446,3.57
1447,4.24
1448,3.94
1449,3.84
1450,4.35
1451,4.31
1452,3.92
1453,3.96
1454,3.88
1455,3.67
1456,4.14
1457,3.34
1458,3.92
1459,3.63
1460,3.99
1461,4.3
1462,4.06
1463,4.01
1464,4.3
1465,3.97
1466,4.17
1467,3.73
1468,3.75
1469,4.08
1470,3.95
1471,4.11
1472,4.25
1473,4.04
1474,4.06
1475,3.54
1476,3.88
1477,3.88
1478,4.05
1479,4.04
1480,4.23
1481,3.1
1482,3.63
1483,4.27
1484,4.08
1485,3.68
1486,4.03
1487,4.18
1488,4.05
1489,4.18
1490,3.96
1491,3.68
1492,4.17
1493,4.0
1494,3.81
1495,4.03
1496,4.48
1497,4.03
1498,3.71
1499,4.3
1500,3.8
1501,3.66
1502,4.15
1503,4.05
1504,4.22
1505,4.22
1506,3.31
1507,4.05
1508,3.51
1509,3.87
1510,4.14
1511,3.78
1512,4.07
1513,4.29
1514,4.13
1515,4.14
1516,3.8
1517,3.88
1518,3.84
1519,4.13
1520,3.96
1521,3.52
1522,3.58
1523,3.67
1524,3.93
1525,3.63
1526,3.18
1527,4.14
1528,3.69
1529,3.39
1530,4.12
1531,3.9
1532,3.59
1533,3.58
1534,3.99
1535,3.99
1536,3.82
1537,3.71
1538,3.34
1539,3.99
1540,3.8
1541,4.15
1542,3.75
1543,3.65
1544,3.75
1545,4.38
1546,4.15
1547,2.94
1548,4.13
1549,3.83
1550,3.87
1551,3.71
1552,4.23
1553,4.01
1554,4.19
1555,3.65
1556,4.27
1557,4.04
1558,4.17
1559,3.77
1560,3.7
1561,4.02
1562,4.14
1563,3.74
1564,3.62
1565,3.14
1566,3.25
1567,3.66
1568,4.47
1569,4.06
1570,3.83
1571,3.34
1572,4.36
1573,3.56
1574,3.96
1575,3.71
1576,3.92
1577,4.47
1578,3.95
1579,3.66
1580,3.62
1581,4.19
1582,3.82
1583,3.59
1584,4.07
1585,3.77
1586,3.75
1587,3.76
1588,3.55
1589,3.81
1590,3.87
1591,4.05
1592,3.48
1593,4.0
1594,3.84
1595,4.24
1596,3.31
1597,4.32
1598,3.85
1599,3.98
1600,4.0
1601,3.92
1602,4.46
1603,4.39
1604,4.1
1605,3.68
1606,4.03
1607,4.08
1608,3.77
1609,4.34
1610,3.81
1611,4.1
1612,3.92
1613,3.67
1614,3.99
1615,4.13
1616,3.82
1617,4.08
1618,4.54
1619,4.25
1620,3.92
1621,3.86
1622,3.77
1623,4.26
1624,3.81
1625,3.65
1626,4.23
1627,4.02
1628,4.1
1629,4.04
1630,4.4
1631,3.92
1632,4.22
1633,3.6
1634,3.95
1635,4.15
1636,4.31
1637,3.75
1638,3.83
1639,3.74
1640,3.23
1641,3.94
1642,3.91
1643,4.04
1644,3.88
1645,3.69
1646,3.8
1647,4.12
1648,4.06
1649,3.81
1650,4.06
1651,4.37
1652,4.01
1653,4.26
1654,4.46
1655,3.33
1656,4.3
1657,4.08
1658,4.03
1659,3.96
1660,3.78
1661,3.77
1662,3.96
1663,3.27
1664,4.04
1665,4.09
1666,4.21
1667,3.83
1668,4.35
1669,3.5
1670,4.07
1671,4.04
1672,4.12
1673,4.12
1674,3.69
1675,3.66
1676,3.8
1677,3.39
1678,4.08
1679,4.06
1680,3.98
1681,3.5
1682,3.82
1683,4.09
1684,4.01
1685,3.68
1686,3.89
1687,4.26
1688,3.48
1689,3.97
1690,4.18
1691,3.89
1692,3.42
1693,4.0
1694,3.98
1695,4.0
1696,3.75
1697,3.69
1698,4.05
1699,3.94
1700,3.9
1701,3.25
1702,4.04
1703,3.78
1704,4.11
1705,4.15
1706,4.11
1707,3.95
1708,3.29
1709,3.88
1710,3.87
1711,3.49
1712,3.86
1713,3.58
1714,3.9
1715,4.07
1716,4.09
1717,4.31
1718,3.65
1719,3.79
1720,3.91
1721,4.23
1722,4.19
1723,4.37
1724,3.89
1725,3.74
1726,3.88
1727,3.97
1728,4.04
1729,3.86
1730,3.32
1731,4.15
1732,3.94
1733,3.57
1734,4.34
1735,3.57
1736,4.03
1737,3.74
1738,4.06
1739,3.74
1740,3.41
1741,3.97
1742,3.77
1743,3.99
1744,3.8
1745,3.8
1746,3.98
1747,4.22
1748,3.5
1749,3.88
1750,4.04
1751,4.09
1752,3.96
1753,4.09
1754,4.43
1755,3.73
1756,4.11
1757,3.93
1758,3.92
1759,3.92
1760,4.26
1761,3.84
1762,3.52
1763,3.87
1764,3.99
1765,3.98
1766,3.91
1767,3.96
1768,4.04
1769,4.04
1770,3.97
1771,3.79
1772,4.16
1773,4.28
1774,3.86
1775,4.21
1776,3.95
1777,3.83
1778,3.98
1779,3.99
1780,3.95
1781,4.28
1782,4.16
1783,3.71
1784,4.18
1785,3.92
1786,3.75
1787,3.53
1788,4.73
1789,3.72
1790,3.65
1791,3.41
1792,4.17
1793,2.08
1794,3.53
1795,3.68
1796,3.69
1797,3.65
1798,3.88
1799,4.05
1800,3.94
1801,3.57
1802,3.54
1803,3.45
1804,3.67
1805,4.06
1806,3.76
1807,3.99
1808,4.38
1809,4.03
1810,3.76
1811,3.59
1812,4.1
1813,3.99
1814,3.84
1815,4.29
1816,3.75
1817,3.78
1818,4.24
1819,3.66
1820,3.88
1821,3.95
1822,2.49
1823,4.19
1824,3.67
1825,4.06
1826,4.06
1827,3.85
1828,4.12
1829,3.82
1830,3.37
1831,3.96
1832,3.97
1833,4.31
1834,3.61
1835,3.51
1836,4.33
1837,4.03
1838,4.18
1839,3.82
1840,4.0
1841,3.59
1842,3.79
1843,3.23
1844,3.76
1845,3.85
1846,3.67
1847,4.01
1848,3.76
1849,3.93
1850,3.67
1851,4.25
1852,4.04
1853,3.57
1854,3.88
1855,3.91
1856,3.83
1857,4.27
1858,3.87
1859,4.15
1860,3.96
1861,3.47
1862,3.88
1863,4.28
1864,3.94
1865,4.02
1866,3.07
1867,3.55
1868,4.0
1869,4.08
1870,3.97
1871,4.07
1872,3.84
1873,3.56
1874,3.8
1875,4.16
1876,4.05
1877,4.18
1878,3.41
1879,3.29
1880,4.11
1881,3.94
1882,3.91
1883,4.14
1884,4.04
1885,3.78
1886,4.11
1887,3.97
1888,4.05
1889,4.28
1890,4.35
1891,4.34
1892,3.71
1893,3.91
1894,3.18
1895,4.45
1896,3.95
1897,3.82
1898,4.16
1899,3.53
1900,3.81
1901,4.45
1902,3.59
1903,3.86
1904,4.45
1905,4.43
1906,3.99
1907,4.1
1908,3.42
1909,4.32
1910,4.06
1911,3.93
1912,3.8
1913,3.78
1914,4.04
1915,3.93
1916,3.86
1917,3.43
1918,3.79
1919,3.65
1920,3.72
1921,4.06
1922,3.76
1923,3.67
1924,4.21
1925,4.13
1926,4.04
1927,3.94
1928,3.56
1929,4.1
1930,4.09
1931,3.96
1932,4.18
1933,3.33
1934,3.35
1935,3.76
1936,3.62
1937,3.83
1938,3.59
1939,4.12
1940,3.78
1941,3.72
1942,3.72
1943,3.55
1944,3.98
1945,4.23
1946,4.26
1947,3.8
1948,3.94
1949,3.9
1950,4.11
1951,4.22
1952,4.12
1953,3.92
1954,3.89
1955,3.67
1956,4.19
1957,3.94
1958,3.76
1959,3.89
1960,3.81
1961,4.06
1962,4.36
1963,3.98
1964,4.24
1965,3.85
1966,4.09
1967,4.13
1968,3.91
1969,3.84
1970,3.84
1971,3.73
1972,4.08
1973,3.58
1974,3.81
1975,3.92
1976,3.89
1977,3.91
1978,3.87
1979,3.27
1980,4.04
1981,3.8
1982,3.47
1983,3.69
1984,4.18
1985,3.81
1986,3.75
1987,4.04
1988,3.8
1989,3.67
1990,3.91
1991,3.72
1992,4.05
1993,3.59
1994,4.15
1995,4.46
1996,3.79
1997,3.86
1998,4.12
1999,3.58
2000,3.64
2001,4.36
2002,3.98
2003,3.87
2004,4.0
2005,3.93
2006,4.11
2007,3.85
2008,4.17
2009,3.89
2010,4.01
2011,3.0
2012,3.84
2013,3.54
2014,3.89
2015,3.25
2016,4.06
2017,3.99
2018,4.16
2019,3.68
2020,4.19
2021,3.5
2022,3.61
2023,3.94
2024,3.97
2025,3.57
2026,3.88
2027,3.99
2028,3.35
2029,3.5
2030,3.98
2031,3.93
2032,3.65
2033,4.07
2034,3.89
2035,3.39
2036,4.12
2037,3.88
2038,3.85
2039,4.17
2040,4.37
2041,3.54
2042,3.53
2043,4.29
2044,3.74
2045,3.69
2046,2.89
2047,3.82
2048,3.68
2049,3.99
2050,4.1
2051,3.88
2052,3.91
2053,4.03
2054,3.7
2055,4.01
2056,3.91
2057,3.69
2058,4.01
2059,4.18
2060,4.14
2061,3.91
2062,3.85
2063,3.86
2064,4.27
2065,3.84
2066,3.99
2067,3.68
2068,3.79
2069,3.57
2070,3.9
2071,4.04
2072,4.07
2073,3.91
2074,3.99
2075,3.65
2076,3.49
2077,3.4
2078,4.29
2079,3.8
2080,3.85
2081,4.48
2082,3.91
2083,4.05
2084,4.16
2085,3.71
2086,4.14
2087,3.59
2088,3.64
2089,3.76
2090,4.04
2091,4.09
2092,4.23
2093,4.57
2094,3.84
2095,4.38
2096,4.05
2097,3.9
2098,3.87
2099,4.17
2100,4.35
2101,4.61
2102,3.71
2103,4.24
2104,4.03
2105,3.94
2106,4.29
2107,3.73
2108,4.04
2109,3.85
2110,4.16
2111,4.06
2112,4.05
2113,3.93
2114,3.9
2115,4.13
2116,3.89
2117,3.73
2118,4.21
2119,3.79
2120,4.0
2121,4.0
2122,3.46
2123,3.96
2124,3.74
2125,3.95
2126,4.05
2127,4.21
2128,3.91
2129,3.85
2130,3.8
2131,3.86
2132,3.88
2133,3.73
2134,3.47
2135,4.1
2136,2.93
2137,3.74
2138,3.89
2139,4.22
2140,4.14
2141,4.23
2142,3.95
2143,4.16
2144,4.14
2145,3.87
2146,3.91
2147,3.55
2148,3.56
2149,4.58
2150,3.91
2151,4.31
2152,3.74
2153,3.94
2154,4.06
2155,3.37
2156,3.66
2157,4.14
2158,4.05
2159,4.13
2160,4.38
2161,4.25
2162,3.54
2163,3.51
2164,4.1
2165,3.85
2166,4.14
2167,4.58
2168,4.1
2169,3.48
2170,4.02
2171,3.2
2172,4.07
2173,3.62
2174,4.25
2175,4.3
2176,4.36
2177,3.9
2178,4.31
2179,3.59
2180,3.82
2181,4.21
2182,3.93
2183,3.9
2184,3.85
2185,4.03
2186,4.06
2187,3.83
2188,3.9
2189,3.98
2190,3.83
2191,3.93
2192,3.42
2193,3.12
2194,4.43
2195,3.85
2196,3.92
2197,3.73
2198,3.97
2199,4.08
2200,3.87
2201,3.53
2202,3.17
2203,3.98
2204,3.54
2205,4.4
2206,3.54
2207,3.89
2208,3.8
2209,4.53
2210,4.08
2211,3.71
2212,3.71
2213,3.98
2214,3.88
2215,3.87
2216,3.57
2217,4.11
2218,3.86
2219,3.46
2220,3.9
2221,3.79
2222,4.29
2223,4.06
2224,4.03
2225,3.81
2226,4.29
2227,3.74
2228,3.84
2229,3.36
2230,4.13
2231,3.83
2232,3.65
2233,3.78
2234,3.61
2235,3.86
2236,4.4
2237,4.26
2238,4.04
2239,4.01
2240,3.68
2241,3.93
2242,3.89
2243,2.98
2244,4.62
2245,4.11
2246,3.95
2247,4.05
2248,4.02
2249,3.53
2250,3.83
2251,3.79
2252,3.57
2253,4.03
2254,3.99
2255,3.95
2256,4.47
2257,4.05
2258,4.03
2259,3.76
2260,4.23
2261,3.95
2262,3.92
2263,4.29
2264,3.9
2265,3.94
2266,4.34
2267,4.09
2268,3.8
2269,4.12
2270,3.64
2271,4.19
2272,4.35
2273,3.93
2274,3.93
2275,4.32
2276,3.91
2277,3.93
2278,3.48
2279,3.89
2280,3.68
2281,3.73
2282,3.81
2283,3.47
2284,3.33
2285,4.06
2286,3.61
2287,4.24
2288,3.91
2289,4.04
2290,4.08
2291,3.83
2292,4.22
2293,3.77
2294,3.83
2295,3.92
2296,4.01
2297,3.9
2298,3.96
2299,4.33
2300,4.24
2301,4.06
2302,3.19
2303,4.0
2304,3.65
2305,3.9
2306,4.22
2307,3.56
2308,3.63
2309,3.76
2310,4.19
2311,3.91
2312,3.8
2313,4.07
2314,3.84
2315,3.96
2316,3.92
2317,4.07
2318,3.87
2319,4.06
2320,3.95
2321,3.81
2322,3.93
2323,3.64
2324,4.11
2325,4.17
2326,4.01
2327,3.92
2328,3.77
2329,3.77
2330,4.05
2331,4.41
2332,3.53
2333,4.09
2334,4.06
2335,3.74
2336,3.95
2337,3.82
2338,3.86
2339,4.14
2340,3.07
2341,4.02
2342,3.86
2343,3.94
2344,3.91
2345,3.97
2346,4.18
2347,3.7
2348,4.05
2349,3.8
2350,3.72
2351,3.97
2352,3.4
2353,4.54
2354,3.89
2355,3.51
2356,4.37
2357,4.02
2358,3.77
2359,3.81
2360,3.99
2361,3.75
2362,4.0
2363,3.96
2364,3.94
2365,4.06
2366,3.96
2367,4.01
2368,3.62
2369,4.11
2370,3.88
2371,3.74
2372,4.05
2373,3.99
2374,4.29
2375,3.92
2376,3.86
2377,4.11
2378,3.62
2379,3.67
2380,4.08
2381,3.7
2382,4.24
2383,3.92
2384,4.08
2385,3.78
2386,4.23
2387,3.95
2388,3.94
2389,3.97
2390,3.93
2391,3.81
2392,3.66
2393,3.91
2394,3.47
2395,4.08
2396,4.04
2397,4.42
2398,3.93
2399,3.56
2400,4.01
2401,3.69
2402,3.84
2403,3.64
2404,3.91
2405,4.05
2406,3.75
2407,4.2
2408,3.5
2409,4.25
2410,4.05
2411,4.36
2412,4.12
2413,4.06
2414,3.94
2415,3.77
2416,4.09
2417,3.86
2418,3.9
2419,3.92
2420,3.84
2421,3.81
2422,3.92
2423,4.0
2424,3.83
2425,3.62
2426,3.75
2427,3.85
2428,4.15
2429,4.02
2430,3.78
2431,3.42
2432,4.01
2433,3.49
2434,4.26
2435,3.69
2436,4.1
2437,4.12
2438,4.13
2439,3.87
2440,3.62
2441,4.37
2442,3.49
2443,4.1
2444,3.77
2445,3.96
2446,4.06
2447,3.95
2448,4.26
2449,3.54
2450,4.34
2451,4.2
2452,3.8
2453,3.94
2454,3.73
2455,3.25
2456,3.68
2457,4.01
2458,3.73
2459,4.37
2460,4.31
2461,3.88
2462,3.56
2463,4.13
2464,3.5
2465,3.77
2466,4.16
2467,4.17
2468,4.08
2469,4.07
2470,4.28
2471,3.95
2472,3.65
2473,4.1
2474,4.0
2475,4.03
2476,3.87
2477,3.75
2478,3.78
2479,3.97
2480,4.02
2481,4.13
2482,4.24
2483,3.78
2484,4.08
2485,4.19
2486,3.37
2487,3.88
2488,3.64
2489,4.08
2490,3.85
2491,3.73
2492,4.07
2493,4.22
2494,3.32
2495,3.91
2496,3.19
2497,4.16
2498,3.72
2499,3.7
2500,3.89
2501,3.92
2502,3.8
2503,4.09
2504,4.07
2505,4.09
2506,3.62
2507,4.27
2508,3.77
2509,3.42
2510,3.55
2511,3.84
2512,4.08
2513,3.94
2514,3.86
2515,4.21
2516,3.93
2517,3.99
2518,4.14
2519,3.91
2520,3.82
2521,3.55
2522,4.1
2523,4.2
2524,3.68
2525,3.95
2526,4.04
2527,4.53
2528,3.74
2529,3.58
2530,3.37
2531,3.78
2532,3.79
2533,3.98
2534,3.7
2535,4.31
2536,3.73
2537,4.07
2538,4.15
2539,3.99
2540,3.9
2541,4.28
2542,4.03
2543,3.93
2544,3.74
2545,4.25
2546,3.19
2547,3.84
2548,3.94
2549,3.98
2550,3.95
2551,3.75
2552,3.77
2553,3.8
2554,4.08
2555,4.11
2556,4.18
2557,4.17
2558,4.28
2559,3.58
2560,3.96
2561,3.8
2562,3.82
2563,4.06
2564,3.91
2565,4.07
2566,3.86
2567,3.83
2568,3.93
2569,3.71
2570,3.8
2571,4.08
2572,3.69
2573,3.45
2574,4.02
2575,3.99
2576,4.12
2577,3.9
2578,3.85
2579,4.3
2580,3.74
2581,3.41
2582,4.2
2583,3.53
2584,3.99
2585,4.14
2586,4.1
2587,4.11
2588,3.76
2589,3.51
2590,4.26
2591,3.94
2592,4.01
2593,3.64
2594,3.52
2595,3.8
2596,4.08
2597,4.11
2598,4.15
2599,4.08
2600,3.8
2601,3.37
2602,3.93
2603,3.57
2604,3.65
2605,3.99
2606,4.06
2607,3.51
2608,4.18
2609,3.83
2610,3.57
2611,4.25
2612,4.03
2613,4.46
2614,4.3
2615,3.73
2616,3.73
2617,3.9
2618,3.73
2619,3.77
2620,4.06
2621,4.05
2622,4.15
2623,4.3
2624,3.9
2625,4.33
2626,4.2
2627,4.28
2628,3.39
2629,4.46
2630,3.69
2631,4.23
2632,4.14
2633,3.46
2634,3.46
2635,3.49
2636,4.23
2637,4.03
2638,3.92
2639,4.03
2640,3.96
2641,3.93
2642,3.93
2643,3.97
2644,3.97
2645,3.73
2646,3.86
2647,4.12
2648,4.42
2649,3.88
2650,3.69
2651,4.18
2652,3.67
2653,3.56
2654,4.13
2655,4.4
2656,4.08
2657,3.69
2658,3.8
2659,3.8
2660,4.26
2661,3.83
2662,4.1
2663,3.31
2664,3.33
2665,4.1
2666,3.99
2667,4.05
2668,3.98
2669,4.05
2670,4.06
2671,3.92
2672,4.22
2673,3.9
2674,3.96
2675,3.76
2676,3.82
2677,4.21
2678,4.04
2679,3.59
2680,3.74
2681,4.17
2682,4.04
2683,3.83
2684,3.9
2685,3.83
2686,3.67
2687,3.89
2688,3.63
2689,4.26
2690,3.99
2691,3.79
2692,4.09
2693,4.03
2694,4.17
2695,3.52
2696,4.12
2697,3.74
2698,4.06
2699,3.9
2700,3.97
2701,3.26
2702,4.13
2703,4.01
2704,3.53
2705,3.3
2706,3.99
2707,3.83
2708,3.54
2709,3.74
2710,3.52
2711,3.5
2712,4.02
2713,4.19
2714,4.0
2715,3.62
2716,4.14
2717,3.42
2718,4.16
2719,4.13
2720,4.03
2721,4.14
2722,4.06
2723,3.63
2724,3.91
2725,3.87
2726,3.81
2727,3.81
2728,4.09
2729,4.37
2730,3.9
2731,4.01
2732,3.39
2733,3.88
2734,3.74
2735,3.7
2736,3.13
2737,3.92
2738,3.55
2739,3.85
2740,3.54
2741,4.01
2742,3.5
2743,4.37
2744,3.86
2745,3.94
2746,3.86
2747,3.86
2748,4.12
2749,2.92
2750,4.22
2751,4.07
2752,3.84
2753,4.22
2754,4.05
2755,4.0
2756,3.8
2757,3.95
2758,4.09
2759,3.87
2760,3.89
2761,3.51
2762,3.98
2763,3.8
2764,4.14
2765,4.32
2766,3.68
2767,4.61
2768,3.8
2769,3.76
2770,3.93
2771,3.76
2772,4.24
2773,3.96
2774,3.8
2775,4.07
2776,4.11
2777,3.72
2778,3.49
2779,3.98
2780,4.13
2781,4.3
2782,4.12
2783,4.29
2784,3.62
2785,3.44
2786,3.8
2787,3.64
2788,4.17
2789,3.94
2790,3.69
2791,3.95
2792,4.17
2793,3.23
2794,4.14
2795,4.34
2796,4.11
2797,3.96
2798,4.18
2799,3.97
2800,3.58
2801,3.77
2802,4.15
2803,3.98
2804,4.16
2805,3.87
2806,3.53
2807,4.19
2808,4.02
2809,3.51
2810,3.93
2811,3.88
2812,3.87
2813,3.76
2814,4.08
2815,3.35
2816,3.92
2817,3.77
2818,4.2
2819,3.74
2820,3.61
2821,4.08
2822,3.69
2823,3.97
2824,3.59
2825,4.13
2826,4.01
2827,3.92
2828,4.02
2829,3.68
2830,4.21
2831,4.31
2832,4.03
2833,3.89
2834,4.13
2835,4.24
2836,3.94
2837,3.53
2838,3.74
2839,3.47
2840,4.37
2841,3.94
2842,4.06
2843,3.87
2844,4.39
2845,3.99
2846,3.41
2847,3.78
2848,3.91
2849,3.95
2850,3.96
2851,3.97
2852,4.16
2853,3.84
2854,4.09
2855,3.48
2856,3.92
2857,3.96
2858,4.0
2859,3.95
2860,4.04
2861,3.93
2862,3.91
2863,3.96
2864,4.21
2865,4.44
2866,3.67
2867,3.97
2868,3.8
2869,4.19
2870,3.45
2871,4.09
2872,4.15
2873,3.86
2874,3.96
2875,4.0
2876,3.64
2877,4.47
2878,3.87
2879,4.13
2880,3.95
2881,4.2
2882,4.02
2883,3.47
2884,4.3
2885,3.72
2886,3.81
2887,4.24
2888,3.75
2889,4.5
2890,4.06
2891,3.91
2892,4.24
2893,4.07
2894,4.19
2895,3.63
2896,3.84
2897,3.94
2898,4.08
2899,3.61
2900,3.79
2901,3.7
2902,3.54
2903,4.2
2904,3.77
2905,3.54
2906,4.04
2907,4.1
2908,3.61
2909,3.79
2910,3.97
2911,3.82
2912,3.78
2913,3.96
2914,3.61
2915,3.97
2916,3.8
2917,4.0
2918,3.57
2919,3.81
2920,4.14
2921,4.21
2922,4.27
2923,3.75
2924,3.49
2925,3.56
2926,3.89
2927,3.54
2928,3.61
2929,3.88
2930,4.3
2931,3.76
2932,3.88
2933,3.41
2934,3.81
2935,4.17
2936,3.63
2937,4.46
2938,3.63
2939,4.05
2940,4.51
2941,4.03
2942,4.14
2943,3.23
2944,4.18
2945,3.34
2946,4.12
2947,3.95
2948,3.78
2949,3.94
2950,4.13
2951,4.03
2952,3.69
2953,3.33
2954,4.17
2955,4.2
2956,4.55
2957,4.1
2958,4.25
2959,4.23
2960,4.15
2961,3.93
2962,3.58
2963,4.2
2964,4.2
2965,3.61
2966,3.93
2967,3.73
2968,3.76
2969,3.88
2970,3.93
2971,4.29
2972,3.88
2973,3.94
2974,3.88
2975,4.28
2976,4.1
2977,4.03
2978,4.22
2979,3.78
2980,4.12
2981,3.92
2982,4.04
2983,3.83
2984,3.95
2985,3.76
2986,3.72
2987,3.95
2988,3.99
2989,3.93
2990,4.02
2991,3.64
2992,4.19
2993,4.14
2994,3.69
2995,3.9
2996,3.97
2997,4.32
2998,4.33
2999,3.69
3000,4.05
3001,3.89
3002,3.53
3003,4.0
3004,3.91
3005,3.97
3006,3.86
3007,3.48
3008,3.59
3009,3.67
3010,3.59
3011,3.56
3012,3.86
3013,3.96
3014,4.12
3015,4.2
3016,3.67
3017,4.13
3018,3.88
3019,4.18
3020,3.86
3021,3.94
3022,3.59
3023,3.83
3024,4.25
3025,3.66
3026,3.8
3027,3.82
3028,4.0
3029,3.68
3030,4.53
3031,3.75
3032,3.45
3033,4.24
3034,3.22
3035,3.95
3036,3.73
3037,4.19
3038,3.85
3039,3.45
3040,3.98
3041,4.07
3042,3.82
3043,3.93
3044,3.88
3045,3.61
3046,3.94
3047,3.96
3048,3.66
3049,3.7
3050,4.0
3051,4.22
3052,3.84
3053,3.62
3054,4.57
3055,4.33
3056,4.11
3057,4.17
3058,4.06
3059,3.92
3060,3.82
3061,4.04
3062,3.72
3063,4.01
3064,3.5
3065,3.77
3066,3.94
3067,3.71
3068,3.8
3069,3.96
3070,3.35
3071,3.93
3072,4.06
3073,4.03
3074,3.94
3075,3.19
3076,3.78
3077,3.81
3078,4.34
3079,3.72
3080,3.75
3081,4.14
3082,4.53
3083,3.33
3084,3.38
3085,4.06
3086,4.47
3087,3.63
3088,3.92
3089,3.96
3090,3.54
3091,4.27
3092,3.42
3093,4.31
3094,4.19
3095,4.55
3096,3.89
3097,4.1
3098,3.68
3099,4.12
3100,3.62
3101,4.23
3102,3.77
3103,3.96
3104,4.15
3105,4.21
3106,3.97
3107,3.92
3108,3.94
3109,3.95
3110,4.32
3111,3.86
3112,3.72
3113,3.65
3114,4.05
3115,4.19
3116,3.95
3117,3.91
3118,3.5
3119,3.94
3120,4.24
3121,3.94
3122,4.11
3123,3.63
3124,4.42
3125,4.12
3126,4.27
3127,4.04
3128,3.63
3129,4.03
3130,3.8
3131,3.85
3132,3.72
3133,3.66
3134,3.75
3135,4.09
3136,3.88
3137,3.77
3138,3.99
3139,3.96
3140,4.06
3141,3.34
3142,4.21
3143,4.11
3144,3.84
3145,3.89
3146,2.63
3147,4.18
3148,4.06
3149,3.07
3150,4.24
3151,4.12
3152,3.99
3153,4.17
3154,4.16
3155,3.81
3156,3.34
3157,4.23
3158,3.98
3159,4.14
3160,3.75
3161,3.85
3162,3.76
3163,3.93
3164,4.11
3165,3.62
3166,3.92
3167,4.13
3168,4.0
3169,3.99
3170,3.85
3171,3.79
3172,4.39
3173,3.94
3174,4.3
3175,3.85
3176,3.95
3177,4.27
3178,3.72
3179,4.1
3180,3.85
3181,4.03
3182,3.83
3183,4.19
3184,3.88
3185,4.29
3186,3.97
3187,3.79
3188,4.14
3189,4.34
3190,4.16
3191,4.49
3192,3.97
3193,3.58
3194,3.25
3195,3.43
3196,3.85
3197,3.89
3198,4.07
3199,4.2
3200,4.07
3201,4.09
3202,3.94
3203,3.97
3204,3.69
3205,3.52
3206,4.06
3207,3.76
3208,3.97
3209,3.51
3210,3.67
3211,3.58
3212,3.52
3213,3.9
3214,4.14
3215,4.56
3216,3.67
3217,3.79
3218,3.91
3219,3.4
3220,4.5
3221,3.84
3222,4.12
3223,3.84
3224,4.05
3225,3.85
3226,4.0
3227,3.87
3228,4.35
3229,3.67
3230,4.59
3231,3.91
3232,4.19
3233,4.12
3234,4.02
3235,3.81
3236,3.89
3237,4.0
3238,3.42
3239,4.03
3240,4.0
3241,4.55
3242,4.27
3243,4.09
3244,4.19
3245,3.55
3246,4.0
3247,3.97
3248,4.47
3249,4.1
3250,3.38
3251,3.8
3252,4.04
3253,3.33
3254,3.68
3255,3.69
3256,3.66
3257,4.0
3258,3.95
3259,3.57
3260,3.66
3261,3.28
3262,3.91
3263,3.9
3264,4.12
3265,3.86
3266,4.34
3267,3.51
3268,3.35
3269,3.86
3270,4.01
3271,3.54
3272,3.47
3273,3.33
3274,3.87
3275,4.74
3276,3.93
3277,4.09
3278,4.12
3279,4.18
3280,4.07
3281,3.93
3282,4.53
3283,3.28
3284,3.49
3285,3.5
3286,3.72
3287,4.01
3288,3.7
3289,3.53
3290,3.81
3291,3.94
3292,4.46
3293,3.96
3294,4.21
3295,3.87
3296,3.42
3297,3.82
3298,4.2
3299,3.57
3300,3.69
3301,4.08
3302,4.21
3303,4.23
3304,3.69
3305,3.88
3306,4.12
3307,4.09
3308,4.2
3309,4.17
3310,4.06
3311,3.86
3312,3.64
3313,3.92
3314,3.72
3315,3.65
3316,3.84
3317,4.21
3318,3.84
3319,4.13
3320,3.79
3321,4.13
3322,3.55
3323,4.04
3324,3.58
3325,4.3
3326,4.09
3327,3.59
3328,3.31
3329,3.19
3330,4.24
3331,3.99
3332,3.81
3333,3.67
3334,3.91
3335,3.74
3336,4.1
3337,4.13
3338,4.17
3339,3.81
3340,3.57
3341,4.34
3342,4.12
3343,3.32
3344,4.24
3345,4.21
3346,3.96
3347,3.91
3348,4.26
3349,4.23
3350,4.1
3351,3.96
3352,3.69
3353,4.18
3354,3.79
3355,4.04
3356,3.85
3357,3.96
3358,4.49
3359,3.96
3360,3.59
3361,3.79
3362,3.94
3363,4.03
3364,3.58
3365,3.86
3366,4.06
3367,3.95
3368,4.02
3369,3.99
3370,4.18
3371,3.84
3372,4.0
3373,3.41
3374,3.74
3375,3.49
3376,4.21
3377,3.89
3378,4.35
3379,3.76
3380,3.93
3381,4.1
3382,4.28
3383,3.14
3384,4.02
3385,3.9
3386,3.95
3387,3.99
3388,3.8
3389,3.35
3390,4.06
3391,3.69
3392,4.12
3393,4.0
3394,3.86
3395,4.59
3396,4.49
3397,3.89
3398,4.15
3399,4.2
3400,3.87
3401,3.62
3402,4.14
3403,4.07
3404,3.83
3405,4.24
3406,3.31
3407,3.71
3408,4.29
3409,3.29
3410,4.13
3411,3.91
3412,3.6
3413,3.97
3414,4.1
3415,3.84
3416,3.31
3417,3.83
3418,4.2
3419,4.02
3420,4.08
3421,4.16
3422,3.86
3423,3.93
3424,4.14
3425,3.82
3426,3.66
3427,3.53
3428,3.86
3429,3.65
3430,3.73
3431,3.97
3432,3.77
3433,3.53
3434,4.08
3435,4.1
3436,4.09
3437,4.14
3438,3.29
3439,3.74
3440,3.7
3441,4.27
3442,3.81
3443,3.39
3444,3.8
3445,3.88
3446,3.54
3447,4.03
3448,4.09
3449,4.19
3450,3.71
3451,4.28
3452,3.46
3453,3.98
3454,4.15
3455,3.78
3456,3.55
3457,4.21
3458,3.62
3459,4.08
3460,3.93
3461,3.97
3462,4.13
3463,4.38
3464,3.85
3465,4.12
3466,3.79
3467,4.01
3468,3.72
3469,3.95
3470,4.1
3471,3.94
3472,4.45
3473,4.16
3474,4.14
3475,3.7
3476,3.66
3477,3.55
3478,4.15
3479,4.03
3480,4.13
3481,3.48
3482,3.92
3483,4.14
3484,4.0
3485,3.96
3486,3.62
3487,3.58
3488,4.32
3489,3.98
3490,3.96
3491,4.58
3492,3.98
3493,3.94
3494,3.87
3495,3.53
3496,4.3
3497,4.25
3498,4.12
3499,4.03
3500,4.0
3501,3.64
3502,3.79
3503,3.71
3504,3.75
3505,4.11
3506,3.69
3507,3.99
3508,4.02
3509,4.28
3510,3.84
3511,3.89
3512,3.58
3513,3.88
3514,4.08
3515,3.66
3516,3.6
3517,3.94
3518,3.76
3519,4.13
3520,4.3
3521,4.23
3522,3.99
3523,3.99
3524,3.99
3525,3.7
3526,4.2
3527,4.29
3528,4.02
3529,4.09
3530,3.92
3531,4.06
3532,3.95
3533,3.82
3534,4.34
3535,4.22
3536,4.26
3537,4.11
3538,3.68
3539,4.29
3540,3.81
3541,4.02
3542,3.96
3543,3.7
3544,4.21
3545,3.95
3546,4.01
3547,4.17
3548,4.22
3549,3.88
3550,2.63
3551,3.69
3552,3.57
3553,3.9
3554,4.43
3555,3.39
3556,3.86
3557,4.29
3558,3.98
3559,3.89
3560,3.66
3561,3.82
3562,4.06
3563,4.27
3564,3.7
3565,3.95
3566,3.93
3567,3.43
3568,3.75
3569,3.53
3570,3.72
3571,4.37
3572,3.86
3573,3.95
3574,3.28
3575,4.29
3576,4.13
3577,3.87
3578,4.02
3579,3.55
3580,3.72
3581,3.83
3582,4.18
3583,3.56
3584,4.02
3585,3.75
3586,4.18
3587,3.68
3588,3.95
3589,4.03
3590,3.9
3591,4.07
3592,4.03
3593,3.86
3594,4.19
3595,3.94
3596,4.21
3597,3.71
3598,3.65
3599,3.81
3600,3.78
3601,4.23
3602,4.09
3603,3.97
3604,4.06
3605,3.98
3606,4.13
3607,4.36
3608,3.72
3609,4.08
3610,3.34
3611,3.76
3612,3.92
3613,4.09
3614,3.7
3615,4.03
3616,3.73
3617,3.8
3618,3.53
3619,4.06
3620,3.53
3621,3.98
3622,4.0
3623,3.34
3624,3.91
3625,3.86
3626,3.63
3627,4.29
3628,4.83
3629,4.1
3630,3.35
3631,4.05
3632,4.15
3633,4.15
3634,3.59
3635,4.38
3636,3.88
3637,3.47
3638,3.65
3639,4.12
3640,3.66
3641,3.47
3642,3.45
3643,3.87
3644,3.95
3645,4.1
3646,3.9
3647,4.01
3648,4.18
3649,3.94
3650,4.19
3651,4.0
3652,3.8
3653,4.0
3654,3.94
3655,4.02
3656,3.0
3657,3.54
3658,4.34
3659,3.76
3660,4.55
3661,4.07
3662,4.34
3663,4.23
3664,4.04
3665,4.35
3666,4.06
3667,3.71
3668,3.94
3669,4.03
3670,3.95
3671,4.14
3672,4.16
3673,4.3
3674,4.13
3675,3.88
3676,3.58
3677,4.3
3678,3.99
3679,4.33
3680,3.69
3681,3.42
3682,3.67
3683,3.84
3684,3.9
3685,3.68
3686,3.72
3687,4.09
3688,4.19
3689,4.32
3690,4.02
3691,3.92
3692,4.14
3693,4.25
3694,4.15
3695,4.11
3696,4.11
3697,4.18
3698,4.38
3699,4.01
3700,3.85
3701,3.4
3702,3.85
3703,3.73
3704,4.11
3705,4.09
3706,4.12
3707,4.05
3708,3.68
3709,3.87
3710,4.15
3711,3.73
3712,4.14
3713,3.68
3714,3.8
3715,3.81
3716,4.0
3717,3.63
3718,4.01
3719,3.94
3720,3.9
3721,3.64
3722,4.37
3723,3.76
3724,3.31
3725,4.21
3726,3.79
3727,4.03
3728,3.81
3729,3.56
3730,3.44
3731,4.33
3732,4.29
3733,4.15
3734,3.78
3735,3.92
3736,4.56
3737,3.95
3738,4.22
3739,3.99
3740,4.18
3741,4.03
3742,4.0
3743,4.07
3744,3.84
3745,3.78
3746,4.12
3747,3.88
3748,4.03
3749,4.22
3750,3.96
3751,3.58
3752,4.17
3753,4.7
3754,4.02
3755,3.85
3756,3.84
3757,3.51
3758,4.08
3759,4.3
3760,3.43
3761,4.11
3762,3.94
3763,3.88
3764,3.85
3765,4.32
3766,3.7
3767,3.8
3768,4.16
3769,3.72
3770,4.32
3771,3.84
3772,4.35
3773,3.62
3774,4.23
3775,4.45
3776,3.99
3777,4.03
3778,4.07
3779,3.89
3780,3.5
3781,3.68
3782,3.92
3783,3.57
3784,3.91
3785,3.82
3786,4.19
3787,3.63
3788,3.55
3789,4.09
3790,3.7
3791,3.83
3792,3.38
3793,4.23
3794,3.94
3795,3.82
3796,4.15
3797,3.51
3798,4.34
3799,3.73
3800,3.81
3801,3.95
3802,3.76
3803,3.83
3804,3.8
3805,3.94
3806,3.74
3807,3.65
3808,4.26
3809,4.23
3810,3.87
3811,3.87
3812,3.79
3813,4.16
3814,4.33
3815,3.67
3816,4.04
3817,4.31
3818,4.09
3819,4.38
3820,4.17
3821,3.97
3822,4.2
3823,3.87
3824,4.13
3825,4.38
3826,3.83
3827,4.19
3828,3.81
3829,3.93
3830,3.99
3831,3.65
3832,3.77
3833,3.82
3834,4.0
3835,3.96
3836,4.3
3837,3.74
3838,4.04
3839,4.27
3840,3.84
3841,3.96
3842,3.85
3843,3.9
3844,4.09
3845,3.75
3846,3.38
3847,3.96
3848,4.17
3849,4.08
3850,3.85
3851,4.14
3852,4.37
3853,3.92
3854,3.74
3855,4.14
3856,3.5
3857,4.1
3858,4.15
3859,4.29
3860,4.25
3861,3.76
3862,4.15
3863,4.08
3864,3.94
3865,3.9
3866,3.57
3867,3.78
3868,3.9
3869,3.54
3870,4.08
3871,3.89
3872,4.11
3873,4.17
3874,3.59
3875,4.22
3876,3.84
3877,2.94
3878,3.93
3879,3.81
3880,3.65
3881,4.2
3882,3.71
3883,3.7
3884,3.87
3885,4.53
3886,3.73
3887,4.16
3888,3.77
3889,3.82
3890,4.19
3891,3.43
3892,3.64
3893,3.74
3894,3.93
3895,3.59
3896,3.68
3897,4.02
3898,3.69
3899,3.79
3900,4.25
3901,3.78
3902,4.28
3903,4.0
3904,4.0
3905,3.81
3906,3.92
3907,4.09
3908,3.71
3909,4.12
3910,4.12
3911,4.05
3912,3.48
3913,4.03
3914,3.66
3915,3.98
3916,4.05
3917,4.27
3918,3.71
3919,3.67
3920,4.3
3921,3.88
3922,4.16
3923,4.12
3924,3.69
3925,3.94
3926,4.37
3927,4.24
3928,4.02
3929,3.94
3930,3.79
3931,4.21
3932,4.26
3933,3.59
3934,4.06
3935,3.99
3936,4.08
3937,3.49
3938,3.9
3939,3.97
3940,4.02
3941,4.11
3942,4.14
3943,3.8
3944,3.74
3945,3.93
3946,4.25
3947,4.02
3948,3.82
3949,3.71
3950,3.34
3951,4.25
3952,4.33
3953,4.43
3954,3.94
3955,3.75
3956,3.59
3957,3.8
3958,3.87
3959,3.95
3960,3.83
3961,3.61
3962,4.06
3963,4.14
3964,4.02
3965,4.12
3966,3.62
3967,3.95
3968,4.0
3969,3.9
3970,4.13
3971,3.87
3972,4.18
3973,3.83
3974,4.1
3975,4.07
3976,3.65
3977,4.06
3978,4.02
3979,3.13
3980,3.9
3981,4.25
3982,4.03
3983,4.13
3984,4.27
3985,3.69
3986,4.16
3987,3.52
3988,4.25
3989,4.12
3990,3.87
3991,3.87
3992,3.8
3993,3.45
3994,3.95
3995,4.15
3996,4.0
3997,3.46
3998,3.56
3999,3.96
4000,4.22
4001,3.72
4002,4.13
4003,4.03
4004,4.12
4005,3.58
4006,4.11
4007,3.84
4008,3.99
4009,2.71
4010,4.14
4011,3.63
4012,3.88
4013,3.67
4014,3.97
4015,4.12
4016,3.76
4017,4.16
4018,3.89
4019,4.24
4020,3.22
4021,3.38
4022,3.83
4023,4.07
4024,3.87
4025,4.0
4026,4.18
4027,3.88
4028,3.76
4029,3.96
4030,4.03
4031,3.74
4032,4.03
4033,3.48
4034,3.84
4035,4.24
4036,3.8
4037,3.94
4038,4.14
4039,3.18
4040,3.93
4041,4.11
4042,4.03
4043,4.35
4044,4.18
4045,2.25
4046,4.47
4047,4.14
4048,3.95
4049,3.81
4050,4.26
4051,3.31
4052,3.51
4053,4.11
4054,4.21
4055,4.07
4056,4.23
4057,3.46
4058,3.79
4059,3.78
4060,3.4
4061,4.31
4062,4.09
4063,4.03
4064,4.08
4065,3.87
4066,3.93
4067,3.86
4068,3.92
4069,4.13
4070,3.94
4071,3.67
4072,3.78
4073,3.99
4074,4.32
4075,4.18
4076,3.76
4077,4.25
4078,3.98
4079,3.98
4080,3.73
4081,3.29
4082,4.02
4083,4.1
4084,4.03
4085,3.75
4086,3.57
4087,3.59
4088,4.18
4089,3.74
4090,4.1
4091,3.75
4092,3.85
4093,3.72
4094,3.94
4095,3.77
4096,3.8
4097,3.53
4098,3.41
4099,3.94
4100,3.27
4101,3.83
4102,4.07
4103,3.98
4104,4.17
4105,4.31
4106,3.91
4107,4.61
4108,3.91
4109,4.37
4110,3.95
4111,4.0
4112,4.04
4113,3.92
4114,3.23
4115,4.15
4116,3.81
4117,3.88
4118,4.05
4119,4.11
4120,4.04
4121,4.04
4122,4.16
4123,3.6
4124,3.96
4125,4.14
4126,4.05
4127,3.84
4128,3.56
4129,3.75
4130,3.27
4131,4.03
4132,3.96
4133,3.74
4134,4.05
4135,3.96
4136,3.44
4137,3.61
4138,3.79
4139,3.6
4140,3.97
4141,3.43
4142,4.03
4143,3.87
4144,3.74
4145,3.68
4146,3.85
4147,3.63
4148,3.91
4149,3.97
4150,4.35
4151,3.94
4152,3.94
4153,4.06
4154,4.09
4155,3.85
4156,3.8
4157,4.07
4158,3.54
4159,3.74
4160,3.58
4161,3.67
4162,4.04
4163,4.19
4164,3.18
4165,3.83
4166,3.52
4167,3.69
4168,3.67
4169,3.59
4170,3.71
4171,4.01
4172,3.98
4173,3.85
4174,3.42
4175,3.85
4176,3.65
4177,4.12
4178,3.09
4179,4.07
4180,4.3
4181,3.73
4182,4.05
4183,3.98
4184,4.01
4185,4.03
4186,4.11
4187,3.68
4188,3.67
4189,3.84
4190,3.76
4191,4.05
4192,3.78
4193,4.21
4194,4.18
4195,3.62
4196,3.51
4197,3.59
4198,4.17
4199,4.06
4200,3.66
4201,4.09
4202,3.83
4203,3.9
4204,3.9
4205,4.32
4206,4.48
4207,3.98
4208,3.95
4209,4.08
4210,4.25
4211,3.69
4212,4.01
4213,3.96
4214,3.81
4215,4.03
4216,3.71
4217,4.22
4218,3.71
4219,3.74
4220,3.82
4221,3.69
4222,4.07
4223,3.87
4224,4.38
4225,4.04
4226,4.09
4227,3.53
4228,4.29
4229,4.48
4230,4.02
4231,4.0
4232,3.79
4233,3.79
4234,4.16
4235,3.61
4236,3.7
4237,3.56
4238,3.66
4239,3.91
4240,3.8
4241,4.01
4242,4.21
4243,3.85
4244,3.71
4245,4.22
4246,4.16
4247,4.1
4248,4.32
4249,3.41
4250,3.94
4251,3.72
4252,4.02
4253,3.87
4254,3.71
4255,4.18
4256,4.14
4257,4.03
4258,4.18
4259,4.09
4260,3.46
4261,4.17
4262,4.02
4263,4.11
4264,3.84
4265,3.24
4266,3.95
4267,4.01
4268,3.64
4269,3.89
4270,3.94
4271,4.38
4272,3.93
4273,3.88
4274,3.93
4275,4.08
4276,4.05
4277,3.82
4278,4.12
4279,3.71
4280,4.11
4281,4.31
4282,2.78
4283,2.63
4284,4.21
4285,3.98
4286,4.19
4287,4.26
4288,3.81
4289,3.68
4290,3.96
4291,4.3
4292,3.85
4293,4.16
4294,3.89
4295,4.07
4296,3.99
4297,4.3
4298,3.63
4299,4.03
4300,3.56
4301,4.38
4302,3.92
4303,4.18
4304,3.41
4305,4.4
4306,3.95
4307,3.58
4308,3.92
4309,3.82
4310,4.14
4311,3.7
4312,3.94
4313,3.42
4314,3.73
4315,4.21
4316,3.68
4317,3.16
4318,3.94
4319,3.69
4320,4.27
4321,3.85
4322,3.26
4323,4.09
4324,4.17
4325,4.28
4326,3.85
4327,3.84
4328,4.22
4329,4.0
4330,3.99
4331,3.85
4332,3.74
4333,3.69
4334,3.8
4335,3.99
4336,4.38
4337,3.68
4338,3.74
4339,4.25
4340,4.17
4341,3.66
4342,3.86
4343,3.68
4344,4.52
4345,3.4
4346,4.35
4347,3.71
4348,3.97
4349,3.91
4350,3.9
4351,3.97
4352,4.09
4353,3.45
4354,3.33
4355,3.76
4356,3.83
4357,3.69
4358,3.98
4359,3.65
4360,3.34
4361,3.89
4362,3.8
4363,3.74
4364,4.05
4365,3.73
4366,4.08
4367,3.79
4368,4.27
4369,3.54
4370,4.26
4371,3.73
4372,3.91
4373,4.41
4374,3.78
4375,4.31
4376,3.26
4377,3.89
4378,4.02
4379,4.1
4380,4.05
4381,4.16
4382,3.91
4383,3.93
4384,3.22
4385,4.06
4386,4.23
4387,3.98
4388,3.8
4389,4.36
4390,3.41
4391,3.38
4392,3.52
4393,3.67
4394,3.8
4395,3.95
4396,4.25
4397,3.85
4398,3.94
4399,2.77
4400,3.47
4401,4.14
4402,3.96
4403,3.81
4404,3.95
4405,3.8
4406,3.85
4407,4.15
4408,4.02
4409,3.93
4410,4.58
4411,3.71
4412,3.69
4413,3.85
4414,3.44
4415,4.25
4416,4.15
4417,3.92
4418,3.83
4419,4.08
4420,4.1
4421,3.75
4422,3.25
4423,4.19
4424,3.87
4425,3.77
4426,3.61
4427,3.15
4428,3.62
4429,3.58
4430,3.84
4431,3.27
4432,4.41
4433,4.35
4434,3.96
4435,3.86
4436,3.77
4437,4.04
4438,3.78
4439,3.97
4440,4.32
4441,4.38
4442,4.09
4443,4.22
4444,4.09
4445,4.03
4446,4.07
4447,3.62
4448,3.91
4449,4.02
4450,3.86
4451,3.77
4452,3.83
4453,4.15
4454,3.39
4455,3.85
4456,3.45
4457,4.02
4458,4.05
4459,3.83
4460,3.93
4461,4.23
4462,4.19
4463,3.92
4464,4.17
4465,3.9
4466,4.12
4467,4.02
4468,3.94
4469,3.9
4470,4.12
4471,4.19
4472,4.04
4473,3.34
4474,3.57
4475,3.93
4476,4.04
4477,3.91
4478,3.84
4479,4.12
4480,3.84
4481,3.79
4482,3.85
4483,4.75
4484,4.15
4485,3.9
4486,4.2
4487,3.84
4488,4.14
4489,3.25
4490,3.91
4491,4.01
4492,4.12
4493,3.68
4494,4.26
4495,3.84
4496,3.89
4497,4.08
4498,4.02
4499,3.92
4500,3.69
4501,4.24
4502,3.84
4503,3.71
4504,3.77
4505,4.05
4506,3.82
4507,4.26
4508,3.71
4509,4.11
4510,3.79
4511,3.87
4512,3.73
4513,3.56
4514,3.96
4515,3.91
4516,3.62
4517,3.74
4518,4.07
4519,3.85
4520,3.77
4521,3.89
4522,4.52
4523,3.83
4524,3.71
4525,3.72
4526,4.04
4527,4.06
4528,3.81
4529,3.94
4530,3.62
4531,3.89
4532,3.68
4533,3.94
4534,4.08
4535,4.09
4536,3.81
4537,3.85
4538,3.52
4539,4.07
4540,3.8
4541,4.23
4542,3.68
4543,4.22
4544,4.27
4545,3.75
4546,4.09
4547,3.66
4548,3.75
4549,3.79
4550,4.25
4551,4.23
4552,4.15
4553,3.74
4554,3.89
4555,4.18
4556,4.19
4557,3.13
4558,4.09
4559,3.99
4560,3.75
4561,3.61
4562,3.91
4563,3.43
4564,4.02
4565,3.97
4566,4.36
4567,4.07
4568,3.73
4569,3.8
4570,3.71
4571,4.28
4572,3.44
4573,3.84
4574,4.18
4575,4.21
4576,3.85
4577,3.62
4578,3.87
4579,3.6
4580,4.01
4581,3.93
4582,3.8
4583,3.11
4584,4.03
4585,4.09
4586,3.98
4587,3.73
4588,3.68
4589,4.24
4590,3.92
4591,3.74
4592,3.46
4593,4.13
4594,4.09
4595,4.16
4596,4.0
4597,4.09
4598,3.75
4599,4.43
4600,3.52
4601,3.92
4602,3.65
4603,4.06
4604,3.64
4605,3.93
4606,3.97
4607,3.77
4608,3.78
4609,3.93
4610,3.11
4611,4.06
4612,3.66
4613,3.66
4614,2.79
4615,3.61
4616,4.1
4617,4.25
4618,4.07
4619,4.03
4620,4.22
4621,3.96
4622,3.96
4623,3.63
4624,3.84
4625,3.44
4626,3.78
4627,4.05
4628,3.42
4629,3.28
4630,3.87
4631,3.61
4632,3.73
4633,3.44
4634,3.97
4635,3.71
4636,4.04
4637,3.87
4638,4.19
4639,3.71
4640,4.27
4641,4.38
4642,4.25
4643,4.08
4644,3.94
4645,3.95
4646,4.29
4647,3.95
4648,3.93
4649,4.07
4650,4.07
4651,4.15
4652,3.8
4653,4.53
4654,3.61
4655,3.53
4656,3.91
4657,4.02
4658,3.9
4659,3.68
4660,4.14
4661,4.35
4662,4.11
4663,3.98
4664,3.77
4665,4.0
4666,3.55
4667,4.21
4668,4.14
4669,4.03
4670,4.09
4671,3.74
4672,4.04
4673,3.89
4674,4.1
4675,4.07
4676,3.88
4677,3.92
4678,4.04
4679,3.76
4680,4.02
4681,3.96
4682,3.88
4683,4.02
4684,3.74
4685,3.46
4686,3.85
4687,3.74
4688,4.27
4689,4.03
4690,4.27
4691,4.17
4692,4.01
4693,4.1
4694,3.49
4695,3.58
4696,4.3
4697,3.53
4698,4.11
4699,3.89
4700,4.15
4701,3.73
4702,3.98
4703,4.07
4704,3.93
4705,3.97
4706,4.25
4707,3.69
4708,4.59
4709,4.12
4710,3.73
4711,3.79
4712,3.96
4713,3.72
4714,3.95
4715,3.62
4716,3.68
4717,3.87
4718,4.27
4719,4.1
4720,4.15
4721,4.39
4722,3.97
4723,3.57
4724,3.63
4725,3.93
4726,4.29
4727,3.72
4728,3.84
4729,4.08
4730,3.9
4731,4.29
4732,3.67
4733,3.8
4734,3.93
4735,3.8
4736,3.53
4737,3.57
4738,3.97
4739,4.34
4740,4.0
4741,4.16
4742,4.25
4743,4.4
4744,3.72
4745,3.82
4746,3.82
4747,3.38
4748,3.86
4749,4.2
4750,4.2
4751,4.25
4752,3.99
4753,3.83
4754,3.83
4755,3.51
4756,3.34
4757,4.23
4758,3.92
4759,3.83
4760,3.8
4761,4.2
4762,3.72
4763,3.57
4764,3.99
4765,3.83
4766,3.44
4767,3.87
4768,3.89
4769,3.69
4770,4.09
4771,4.11
4772,3.44
4773,4.16
4774,4.15
4775,4.24
4776,4.28
4777,4.03
4778,4.67
4779,3.79
4780,3.81
4781,4.26
4782,3.94
4783,3.7
4784,3.03
4785,3.87
4786,3.76
4787,3.67
4788,3.77
4789,3.66
4790,3.45
4791,3.82
4792,3.76
4793,3.49
4794,4.03
4795,3.79
4796,4.22
4797,3.73
4798,4.16
4799,3.85
4800,4.07
4801,4.13
4802,4.0
4803,3.85
4804,4.12
4805,4.33
4806,4.35
4807,3.87
4808,3.73
4809,3.51
4810,3.88
4811,4.29
4812,4.43
4813,3.71
4814,4.18
4815,3.64
4816,4.29
4817,4.41
4818,3.42
4819,3.57
4820,3.65
4821,3.67
4822,4.36
4823,3.56
4824,3.89
4825,4.22
4826,3.99
4827,4.05
4828,3.94
4829,3.46
4830,4.05
4831,4.15
4832,3.96
4833,3.99
4834,3.65
4835,4.01
4836,3.7
4837,3.96
4838,3.51
4839,3.65
4840,3.49
4841,3.77
4842,3.48
4843,3.94
4844,3.87
4845,3.36
4846,4.09
4847,4.2
4848,4.16
4849,4.41
4850,4.31
4851,4.24
4852,3.85
4853,3.25
4854,3.82
4855,3.91
4856,3.77
4857,4.23
4858,3.83
4859,4.04
4860,4.19
4861,3.81
4862,4.23
4863,3.85
4864,4.2
4865,3.75
4866,4.01
4867,3.86
4868,4.62
4869,4.49
4870,3.7
4871,4.06
4872,3.45
4873,3.71
4874,4.33
4875,3.89
4876,4.02
4877,4.05
4878,3.69
4879,3.62
4880,4.09
4881,4.29
4882,3.29
4883,4.22
4884,3.88
4885,3.97
4886,4.27
4887,3.93
4888,3.49
4889,4.4
4890,4.1
4891,4.0
4892,4.06
4893,3.79
4894,4.03
4895,3.53
4896,3.37
4897,4.19
4898,4.16
4899,3.35
4900,3.7
4901,4.05
4902,4.09
4903,3.67
4904,4.16
4905,3.36
4906,4.13
4907,3.84
4908,3.52
4909,3.94
4910,3.84
4911,4.44
4912,4.14
4913,3.92
4914,3.96
4915,3.95
4916,4.04
4917,4.08
4918,4.25
4919,4.03
4920,3.37
4921,4.47
4922,4.13
4923,3.71
4924,3.42
4925,4.02
4926,3.98
4927,4.14
4928,4.23
4929,4.35
4930,4.03
4931,4.26
4932,3.75
4933,3.96
4934,4.1
4935,2.96
4936,3.11
4937,3.82
4938,3.74
4939,4.29
4940,4.13
4941,4.04
4942,3.81
4943,4.24
4944,3.88
4945,4.15
4946,4.36
4947,4.2
4948,3.92
4949,3.7
4950,4.01
4951,3.99
4952,4.01
4953,4.1
4954,3.62
4955,3.89
4956,3.26
4957,3.85
4958,3.88
4959,4.36
4960,4.01
4961,4.24
4962,3.64
4963,3.96
4964,3.99
4965,3.78
4966,4.12
4967,3.61
4968,3.99
4969,3.86
4970,4.02
4971,4.34
4972,3.91
4973,3.64
4974,3.61
4975,4.08
4976,3.91
4977,3.78
4978,3.94
4979,3.7
4980,3.74
4981,4.11
4982,4.06
4983,3.95
4984,4.15
4985,4.2
4986,3.76
4987,3.77
4988,3.88
4989,3.6
4990,4.05
4991,2.46
4992,3.09
4993,3.82
4994,3.95
4995,3.94
4996,3.77
4997,4.36
4998,4.18
4999,3.66
5000,4.33
5001,4.04
5002,3.18
5003,4.23
5004,4.04
5005,3.86
5006,3.83
5007,3.69
5008,3.99
5009,3.84
5010,3.63
5011,3.64
5012,3.95
5013,3.89
5014,3.65
5015,4.11
5016,3.76
5017,4.31
5018,3.57
5019,4.19
5020,4.11
5021,4.09
5022,3.82
5023,3.7
5024,3.97
5025,4.15
5026,4.03
5027,4.04
5028,4.33
5029,3.82
5030,3.77
5031,3.98
5032,3.58
5033,3.85
5034,3.75
5035,4.21
5036,4.06
5037,3.85
5038,3.45
5039,3.53
5040,3.53
5041,3.79
5042,4.2
5043,3.6
5044,3.82
5045,3.31
5046,4.01
5047,4.06
5048,4.0
5049,3.92
5050,3.7
5051,3.52
5052,4.12
5053,3.75
5054,3.9
5055,4.02
5056,3.99
5057,3.94
5058,3.66
5059,3.47
5060,4.17
5061,3.75
5062,3.88
5063,3.92
5064,3.2
5065,3.95
5066,3.85
5067,3.75
5068,4.2
5069,4.18
5070,4.1
5071,4.45
5072,3.8
5073,4.03
5074,4.26
5075,3.71
5076,3.7
5077,3.85
5078,3.14
5079,3.42
5080,4.15
5081,3.88
5082,3.7
5083,4.14
5084,3.85
5085,3.74
5086,3.9
5087,3.13
5088,3.84
5089,3.92
5090,3.7
5091,3.87
5092,3.93
5093,4.11
5094,3.31
5095,3.62
5096,3.8
5097,3.85
5098,4.26
5099,4.12
5100,3.84
5101,4.28
5102,3.56
5103,4.0
5104,3.59
5105,3.52
5106,3.82
5107,4.03
5108,3.88
5109,4.08
5110,4.36
5111,4.08
5112,4.23
5113,4.47
5114,3.99
5115,3.84
5116,4.02
5117,4.15
5118,4.25
5119,3.67
5120,3.65
5121,4.05
5122,3.95
5123,4.08
5124,3.79
5125,4.27
5126,3.9
5127,3.6
5128,3.54
5129,4.03
5130,3.44
5131,4.1
5132,3.59
5133,3.49
5134,4.13
5135,3.79
5136,4.09
5137,4.41
5138,4.19
5139,3.72
5140,3.94
5141,3.63
5142,4.15
5143,4.09
5144,3.56
5145,4.07
5146,4.24
5147,3.91
5148,3.9
5149,3.51
5150,3.75
5151,3.81
5152,4.03
5153,4.05
5154,4.05
5155,3.75
5156,4.16
5157,3.56
5158,4.06
5159,4.04
5160,3.86
5161,3.88
5162,4.01
5163,4.05
5164,3.75
5165,4.07
5166,3.72
5167,4.21
5168,4.0
5169,4.05
5170,4.29
5171,4.25
5172,3.88
5173,4.26
5174,3.84
5175,3.75
5176,3.88
5177,3.77
5178,3.94
5179,3.81
5180,3.99
5181,4.24
5182,4.04
5183,3.47
5184,3.71
5185,3.88
5186,3.91
5187,4.09
5188,3.7
5189,3.96
5190,4.06
5191,3.61
5192,3.95
5193,3.96
5194,3.93
5195,3.74
5196,4.0
5197,3.66
5198,3.93
5199,3.92
5200,3.62
5201,3.76
5202,4.3
5203,3.77
5204,4.2
5205,4.21
5206,3.68
5207,4.72
5208,3.74
5209,3.85
5210,4.18
5211,4.07
5212,4.05
5213,3.91
5214,4.04
5215,3.98
5216,3.66
5217,3.99
5218,4.33
5219,3.81
5220,3.57
5221,3.85
5222,3.75
5223,3.93
5224,3.99
5225,4.02
5226,3.93
5227,4.29
5228,3.94
5229,3.8
5230,3.38
5231,3.3
5232,3.97
5233,3.55
5234,4.37
5235,4.03
5236,3.66
5237,3.59
5238,3.31
5239,3.91
5240,3.95
5241,3.85
5242,3.27
5243,3.72
5244,3.89
5245,4.13
5246,3.88
5247,4.12
5248,4.26
5249,4.09
5250,3.8
5251,3.28
5252,4.2
5253,3.94
5254,4.17
5255,3.88
5256,4.08
5257,3.54
5258,4.0
5259,3.9
5260,3.54
5261,3.81
5262,3.62
5263,3.94
5264,3.54
5265,4.08
5266,3.84
5267,4.09
5268,4.05
5269,4.16
5270,3.82
5271,3.81
5272,4.14
5273,3.97
5274,4.06
5275,3.95
5276,3.99
5277,4.0
5278,3.87
5279,3.94
5280,3.53
5281,3.91
5282,3.74
5283,4.26
5284,4.18
5285,4.1
5286,3.83
5287,3.99
5288,3.78
5289,4.08
5290,3.36
5291,3.95
5292,3.43
5293,3.95
5294,4.08
5295,3.95
5296,3.63
5297,3.77
5298,3.52
5299,3.85
5300,3.64
5301,3.9
5302,3.6
5303,3.97
5304,3.7
5305,3.08
5306,4.17
5307,3.92
5308,3.79
5309,3.78
5310,4.06
5311,3.71
5312,4.17
5313,3.85
5314,3.98
5315,3.83
5316,4.03
5317,3.73
5318,3.34
5319,4.0
5320,3.79
5321,3.95
5322,3.32
5323,4.29
5324,4.2
5325,3.99
5326,3.73
5327,4.0
5328,4.08
5329,3.81
5330,3.74
5331,4.2
5332,3.95
5333,4.05
5334,3.63
5335,3.94
5336,4.09
5337,4.12
5338,3.81
5339,4.27
5340,4.26
5341,4.01
5342,3.58
5343,3.22
5344,4.56
5345,3.82
5346,4.43
5347,4.03
5348,3.04
5349,3.93
5350,3.5
5351,4.2
5352,4.06
5353,3.91
5354,4.01
5355,3.06
5356,3.97
5357,3.88
5358,3.79
5359,4.0
5360,3.97
5361,3.75
5362,3.59
5363,4.12
5364,4.03
5365,4.0
5366,4.3
5367,3.69
5368,3.7
5369,4.08
5370,3.79
5371,3.95
5372,3.98
5373,3.31
5374,3.76
5375,3.99
5376,4.52
5377,4.24
5378,3.78
5379,3.87
5380,3.69
5381,3.8
5382,4.02
5383,4.01
5384,4.37
5385,3.27
5386,3.72
5387,4.15
5388,3.87
5389,3.99
5390,4.1
5391,3.32
5392,3.99
5393,3.94
5394,4.13
5395,3.52
5396,4.43
5397,3.36
5398,4.16
5399,4.39
5400,4.31
5401,4.01
5402,3.48
5403,3.94
5404,3.73
5405,4.45
5406,3.48
5407,3.28
5408,4.17
5409,3.54
5410,3.67
5411,4.1
5412,3.78
5413,3.95
5414,4.0
5415,4.11
5416,3.29
5417,3.91
5418,3.63
5419,3.12
5420,3.93
5421,3.8
5422,4.45
5423,3.27
5424,3.88
5425,3.93
5426,3.78
5427,3.42
5428,3.76
5429,3.97
5430,3.79
5431,4.08
5432,3.59
5433,4.11
5434,3.97
5435,4.3
5436,3.57
5437,3.52
5438,4.21
5439,4.22
5440,3.86
5441,3.15
5442,4.14
5443,3.73
5444,3.85
5445,3.68
5446,4.15
5447,4.17
5448,4.08
5449,3.86
5450,4.18
5451,3.8
5452,3.78
5453,4.08
5454,4.12
5455,3.79
5456,3.53
5457,4.07
5458,3.74
5459,4.11
5460,3.86
5461,3.8
5462,3.58
5463,3.87
5464,4.26
5465,3.75
5466,3.96
5467,4.27
5468,3.68
5469,3.93
5470,3.36
5471,3.72
5472,3.87
5473,3.51
5474,3.29
5475,4.01
5476,4.17
5477,3.88
5478,3.6
5479,3.89
5480,3.47
5481,4.04
5482,3.78
5483,4.13
5484,3.81
5485,3.73
5486,3.98
5487,4.01
5488,4.29
5489,3.84
5490,3.7
5491,3.88
5492,4.11
5493,4.29
5494,4.11
5495,4.09
5496,4.18
5497,3.99
5498,3.78
5499,3.89
5500,3.63
5501,3.78
5502,4.31
5503,4.08
5504,4.03
5505,3.86
5506,3.85
5507,3.85
5508,4.3
5509,4.07
5510,4.45
5511,4.2
5512,4.18
5513,4.38
5514,3.76
5515,4.12
5516,3.92
5517,3.62
5518,4.01
5519,3.62
5520,4.18
5521,4.03
5522,4.1
5523,4.36
5524,4.03
5525,3.41
5526,3.8
5527,3.93
5528,4.03
5529,3.88
5530,4.0
5531,3.68
5532,3.33
5533,3.67
5534,3.41
5535,3.74
5536,3.83
5537,4.0
5538,4.1
5539,3.65
5540,3.7
5541,3.99
5542,3.9
5543,3.52
5544,3.69
5545,4.38
5546,4.16
5547,4.26
5548,3.96
5549,3.63
5550,3.81
5551,4.11
5552,4.22
5553,3.48
5554,4.08
5555,3.96
5556,3.35
5557,3.79
5558,3.61
5559,3.89
5560,3.64
5561,3.97
5562,3.75
5563,3.83
5564,4.08
5565,3.95
5566,4.06
5567,3.98
5568,3.23
5569,3.9
5570,3.73
5571,4.11
5572,3.88
5573,3.86
5574,3.96
5575,4.08
5576,4.44
5577,3.74
5578,4.11
5579,3.92
5580,4.69
5581,3.71
5582,3.88
5583,3.9
5584,3.69
5585,3.85
5586,4.24
5587,4.06
5588,3.95
5589,3.89
5590,4.12
5591,3.7
5592,3.98
5593,3.79
5594,4.02
5595,3.06
5596,4.13
5597,3.75
5598,3.56
5599,4.22
5600,3.94
5601,4.09
5602,3.45
5603,3.43
5604,3.98
5605,4.22
5606,4.17
5607,3.88
5608,3.72
5609,3.94
5610,3.61
5611,4.17
5612,4.11
5613,3.62
5614,3.33
5615,3.7
5616,3.51
5617,3.69
5618,3.58
5619,3.88
5620,3.75
5621,3.82
5622,3.97
5623,3.78
5624,3.94
5625,3.69
5626,3.81
5627,4.05
5628,3.87
5629,3.61
5630,3.6
5631,3.65
5632,3.9
5633,3.96
5634,4.12
5635,3.82
5636,3.82
5637,4.19
5638,4.26
5639,3.85
5640,4.14
5641,4.21
5642,3.66
5643,4.38
5644,4.05
5645,3.81
5646,4.02
5647,3.64
5648,3.97
5649,4.17
5650,3.67
5651,3.7
5652,4.25
5653,3.85
5654,4.19
5655,3.72
5656,3.83
5657,4.14
5658,4.36
5659,4.16
5660,4.05
5661,3.91
5662,3.69
5663,3.85
5664,3.99
5665,3.79
5666,4.13
5667,3.39
5668,3.92
5669,3.78
5670,4.11
5671,3.83
5672,4.21
5673,3.8
5674,4.41
5675,4.04
5676,3.65
5677,4.06
5678,3.98
5679,4.15
5680,4.0
5681,4.01
5682,4.37
5683,4.02
5684,3.98
5685,3.96
5686,3.43
5687,3.41
5688,3.81
5689,3.93
5690,4.12
5691,4.36
5692,3.89
5693,3.79
5694,3.84
5695,3.86
5696,3.5
5697,3.71
5698,3.47
5699,3.52
5700,3.89
5701,4.42
5702,3.81
5703,3.56
5704,3.42
5705,3.73
5706,2.63
5707,4.26
5708,3.73
5709,3.29
5710,4.35
5711,3.53
5712,3.8
5713,3.61
5714,4.08
5715,3.78
5716,4.23
5717,4.1
5718,4.48
5719,3.23
5720,4.25
5721,4.09
5722,3.94
5723,3.99
5724,3.89
5725,4.29
5726,3.4
5727,3.91
5728,4.11
5729,3.62
5730,3.92
5731,4.27
5732,4.19
5733,3.57
5734,3.94
5735,4.18
5736,3.81
5737,3.59
5738,3.75
5739,3.79
5740,3.82
5741,3.86
5742,4.27
5743,3.84
5744,4.19
5745,4.36
5746,4.25
5747,3.92
5748,3.97
5749,4.27
5750,3.93
5751,3.22
5752,4.37
5753,4.03
5754,4.57
5755,3.87
5756,3.88
5757,3.8
5758,3.97
5759,3.63
5760,4.15
5761,4.0
5762,3.68
5763,3.54
5764,3.68
5765,3.95
5766,3.83
5767,4.2
5768,4.15
5769,4.0
5770,3.98
5771,3.95
5772,3.7
5773,4.36
5774,3.85
5775,3.72
5776,3.06
5777,3.85
5778,3.42
5779,4.13
5780,3.8
5781,3.96
5782,4.09
5783,3.6
5784,4.06
5785,4.11
5786,3.64
5787,3.56
5788,4.0
5789,4.27
5790,3.92
5791,4.29
5792,3.66
5793,4.21
5794,4.28
5795,3.48
5796,3.66
5797,3.73
5798,3.76
5799,3.96
5800,3.69
5801,3.77
5802,4.06
5803,3.8
5804,4.26
5805,4.07
5806,3.71
5807,3.41
5808,3.62
5809,3.9
5810,3.68
5811,4.24
5812,3.89
5813,3.9
5814,4.15
5815,3.67
5816,4.0
5817,3.02
5818,3.83
5819,3.54
5820,3.99
5821,4.28
5822,3.54
5823,4.28
5824,4.06
5825,4.3
5826,3.99
5827,3.81
5828,3.69
5829,3.83
5830,4.03
5831,3.81
5832,3.6
5833,4.18
5834,3.97
5835,3.95
5836,3.83
5837,4.18
5838,3.61
5839,4.12
5840,4.4
5841,4.34
5842,4.12
5843,3.69
5844,4.14
5845,3.37
5846,3.78
5847,4.39
5848,4.25
5849,4.24
5850,3.57
5851,3.4
5852,3.87
5853,3.9
5854,3.94
5855,3.82
5856,4.17
5857,3.92
5858,3.81
5859,4.38
5860,4.02
5861,3.8
5862,4.02
5863,3.6
5864,4.25
5865,4.03
5866,4.3
5867,3.67
5868,3.64
5869,4.12
5870,4.0
5871,3.93
5872,3.96
5873,3.92
5874,3.88
5875,4.21
5876,3.65
5877,3.82
5878,4.23
5879,4.33
5880,4.12
5881,4.11
5882,4.15
5883,3.65
5884,4.04
5885,4.14
5886,4.09
5887,3.47
5888,3.8
5889,4.17
5890,2.91
5891,3.91
5892,4.19
5893,3.55
5894,3.68
5895,4.01
5896,4.13
5897,3.78
5898,4.31
5899,4.01
5900,3.79
5901,4.03
5902,4.37
5903,3.58
5904,3.78
5905,3.97
5906,3.81
5907,3.97
5908,3.88
5909,3.9
5910,3.58
5911,3.87
5912,4.1
5913,4.09
5914,3.83
5915,3.74
5916,3.67
5917,3.54
5918,3.24
5919,4.64
5920,3.82
5921,3.77
5922,3.97
5923,4.37
5924,3.79
5925,3.8
5926,3.59
5927,3.84
5928,3.61
5929,3.53
5930,4.2
5931,3.83
5932,3.78
5933,3.76
5934,3.92
5935,3.66
5936,3.61
5937,3.73
5938,3.56
5939,3.82
5940,3.89
5941,3.87
5942,3.65
5943,3.58
5944,3.49
5945,3.95
5946,4.11
5947,3.83
5948,3.41
5949,4.46
5950,3.68
5951,4.2
5952,3.93
5953,3.58
5954,3.77
5955,3.87
5956,4.05
5957,3.85
5958,3.71
5959,3.89
5960,3.83
5961,4.15
5962,3.95
5963,4.11
5964,3.44
5965,4.03
5966,3.47
5967,3.58
5968,4.13
5969,4.08
5970,4.13
5971,3.74
5972,4.38
5973,3.26
5974,3.74
5975,4.1
5976,4.31
5977,3.52
5978,4.19
5979,4.24
5980,3.9
5981,3.79
5982,3.69
5983,4.07
5984,3.67
5985,3.99
5986,4.29
5987,3.39
5988,4.05
5989,3.8
5990,4.4
5991,4.44
5992,4.02
5993,4.25
5994,3.8
5995,3.9
5996,3.85
5997,3.63
5998,3.91
5999,4.17
6000,3.48
6001,3.9
6002,3.84
6003,4.21
6004,3.86
6005,3.67
6006,4.36
6007,4.01
6008,3.87
6009,4.25
6010,3.62
6011,4.3
6012,3.85
6013,3.94
6014,3.66
6015,3.65
6016,3.87
6017,4.21
6018,4.35
6019,3.81
6020,4.13
6021,3.9
6022,4.21
6023,4.24
6024,4.16
6025,3.87
6026,4.21
6027,4.41
6028,3.57
6029,4.03
6030,3.73
6031,3.83
6032,4.22
6033,3.86
6034,3.86
6035,4.09
6036,3.38
6037,4.06
6038,4.04
6039,4.28
6040,4.11
6041,3.33
6042,3.82
6043,3.89
6044,4.24
6045,3.78
6046,4.05
6047,3.88
6048,3.77
6049,3.72
6050,4.0
6051,4.35
6052,4.24
6053,3.72
6054,3.65
6055,4.35
6056,3.94
6057,4.13
6058,4.19
6059,3.82
6060,3.54
6061,4.15
6062,3.71
6063,3.88
6064,3.92
6065,4.29
6066,3.84
6067,3.9
6068,3.65
6069,3.64
6070,4.08
6071,3.83
6072,3.6
6073,3.69
6074,4.22
6075,4.01
6076,4.15
6077,4.27
6078,3.96
6079,4.0
6080,3.97
6081,3.87
6082,3.28
6083,4.26
6084,4.32
6085,2.95
6086,3.72
6087,3.75
6088,3.16
6089,4.57
6090,3.75
6091,4.1
6092,4.21
6093,3.84
6094,3.82
6095,3.82
6096,3.1
6097,3.55
6098,4.03
6099,3.93
6100,4.3
6101,3.66
6102,4.02
6103,3.81
6104,3.34
6105,3.52
6106,4.03
6107,3.47
6108,4.16
6109,3.75
6110,4.05
6111,4.24
6112,4.12
6113,3.54
6114,3.24
6115,3.54
6116,3.7
6117,3.87
6118,4.48
6119,3.98
6120,3.89
6121,3.67
6122,3.91
6123,3.91
6124,3.72
6125,3.97
6126,4.04
6127,3.9
6128,3.84
6129,4.42
6130,3.64
6131,4.18
6132,3.66
6133,4.05
6134,3.8
6135,4.23
6136,3.59
6137,3.41
6138,3.97
6139,4.06
6140,4.15
6141,4.49
6142,4.05
6143,3.9
6144,3.98
6145,4.35
6146,3.65
6147,4.05
6148,3.91
6149,4.2
6150,3.88
6151,4.04
6152,4.04
6153,3.9
6154,3.86
6155,3.64
6156,4.0
6157,3.77
6158,4.08
6159,4.15
6160,3.94
6161,3.6
6162,3.96
6163,3.93
6164,4.02
6165,3.52
6166,4.21
6167,3.54
6168,3.76
6169,3.7
6170,3.45
6171,3.96
6172,4.14
6173,3.93
6174,3.99
6175,4.0
6176,3.94
6177,3.68
6178,4.0
6179,4.03
6180,3.78
6181,3.69
6182,3.62
6183,3.89
6184,3.64
6185,4.18
6186,4.1
6187,4.29
6188,3.53
6189,3.94
6190,3.87
6191,3.29
6192,3.81
6193,4.32
6194,3.77
6195,3.7
6196,3.58
6197,4.03
6198,3.46
6199,3.57
6200,3.21
6201,3.52
6202,3.92
6203,4.37
6204,3.89
6205,4.28
6206,3.43
6207,3.42
6208,4.32
6209,3.75
6210,4.2
6211,3.7
6212,3.82
6213,3.48
6214,4.31
6215,3.34
6216,3.0
6217,3.96
6218,4.26
6219,4.06
6220,3.9
6221,3.8
6222,3.97
6223,3.5
6224,4.49
6225,3.55
6226,4.02
6227,4.37
6228,4.51
6229,3.79
6230,3.78
6231,3.82
6232,3.86
6233,3.86
6234,3.59
6235,3.82
6236,4.13
6237,3.97
6238,4.26
6239,3.92
6240,4.11
6241,3.9
6242,3.91
6243,3.74
6244,4.07
6245,3.6
6246,4.42
6247,4.29
6248,3.61
6249,3.94
6250,3.5
6251,3.99
6252,4.03
6253,3.34
6254,3.89
6255,3.53
6256,4.05
6257,4.24
6258,3.6
6259,3.8
6260,4.24
6261,3.79
6262,4.24
6263,3.67
6264,4.1
6265,3.87
6266,3.72
6267,3.86
6268,4.09
6269,4.1
6270,4.05
6271,3.8
6272,3.77
6273,3.81
6274,4.23
6275,3.91
6276,3.87
6277,4.04
6278,3.85
6279,4.07
6280,3.88
6281,4.11
6282,3.42
6283,3.56
6284,3.95
6285,3.86
6286,3.6
6287,4.28
6288,3.78
6289,3.97
6290,4.08
6291,4.02
6292,3.8
6293,3.73
6294,3.83
6295,3.97
6296,4.09
6297,3.96
6298,4.44
6299,3.45
6300,3.08
6301,3.89
6302,3.51
6303,3.96
6304,3.81
6305,3.92
6306,3.49
6307,3.88
6308,3.99
6309,4.29
6310,4.14
6311,4.01
6312,3.96
6313,3.88
6314,3.81
6315,3.61
6316,3.89
6317,4.24
6318,3.63
6319,3.67
6320,3.74
6321,3.6
6322,3.47
6323,3.76
6324,3.29
6325,4.27
6326,3.98
6327,4.04
6328,3.61
6329,3.59
6330,3.75
6331,3.7
6332,4.01
6333,4.17
6334,3.77
6335,3.72
6336,3.95
6337,4.03
6338,4.27
6339,3.78
6340,4.01
6341,4.1
6342,4.14
6343,4.0
6344,3.99
6345,4.12
6346,4.08
6347,4.19
6348,3.95
6349,3.89
6350,4.01
6351,3.51
6352,4.02
6353,3.61
6354,4.01
6355,3.87
6356,4.33
6357,4.08
6358,3.45
6359,3.88
6360,3.83
6361,4.76
6362,4.18
6363,3.89
6364,3.35
6365,3.98
6366,4.01
6367,3.7
6368,3.98
6369,4.0
6370,4.0
6371,3.77
6372,3.94
6373,4.16
6374,4.1
6375,3.89
6376,4.04
6377,4.08
6378,3.97
6379,3.67
6380,3.91
6381,3.92
6382,3.82
6383,3.84
6384,4.28
6385,4.04
6386,4.15
6387,4.13
6388,3.69
6389,3.66
6390,3.77
6391,3.49
6392,4.43
6393,3.64
6394,2.91
6395,4.09
6396,3.91
6397,3.62
6398,3.96
6399,3.34
6400,4.5
6401,4.07
6402,3.36
6403,4.23
6404,4.1
6405,4.03
6406,3.93
6407,3.95
6408,3.89
6409,4.11
6410,3.38
6411,4.37
6412,4.01
6413,4.07
6414,4.14
6415,4.0
6416,4.05
6417,3.54
6418,4.15
6419,4.0
6420,3.88
6421,3.43
6422,3.7
6423,4.25
6424,4.16
6425,4.19
6426,3.99
6427,3.49
6428,4.33
6429,4.11
6430,4.01
6431,4.04
6432,3.1
6433,3.87
6434,3.73
6435,4.34
6436,3.69
6437,4.11
6438,4.35
6439,3.36
6440,3.49
6441,3.88
6442,4.16
6443,3.78
6444,4.41
6445,4.24
6446,3.86
6447,3.61
6448,3.88
6449,3.82
6450,3.51
6451,3.96
6452,4.16
6453,3.84
6454,3.56
6455,4.2
6456,3.84
6457,4.4
6458,3.66
6459,4.31
6460,3.63
6461,3.86
6462,4.46
6463,3.95
6464,3.79
6465,3.73
6466,3.9
6467,4.01
6468,4.23
6469,3.96
6470,3.7
6471,3.82
6472,3.78
6473,3.54
6474,2.94
6475,3.75
6476,3.85
6477,3.65
6478,3.67
6479,3.4
6480,4.34
6481,4.13
6482,3.79
6483,4.17
6484,4.05
6485,3.73
6486,3.75
6487,4.15
6488,3.71
6489,4.19
6490,3.94
6491,4.16
6492,4.27
6493,3.91
6494,3.95
6495,4.16
6496,3.78
6497,4.43
6498,4.11
6499,4.0
6500,3.37
6501,3.95
6502,3.99
6503,3.88
6504,3.54
6505,4.1
6506,3.44
6507,3.84
6508,4.13
6509,3.37
6510,4.0
6511,4.13
6512,3.83
6513,4.28
6514,4.22
6515,4.12
6516,3.7
6517,3.74
6518,4.21
6519,3.65
6520,3.92
6521,4.19
6522,3.81
6523,4.06
6524,4.15
6525,3.91
6526,3.93
6527,4.57
6528,3.91
6529,3.57
6530,3.62
6531,3.95
6532,3.49
6533,3.6
6534,3.9
6535,3.94
6536,3.83
6537,4.11
6538,3.8
6539,3.83
6540,4.04
6541,4.01
6542,3.76
6543,4.06
6544,4.05
6545,3.95
6546,3.22
6547,4.15
6548,3.99
6549,3.98
6550,3.95
6551,3.84
6552,3.17
6553,3.68
6554,3.88
6555,3.83
6556,4.01
6557,4.27
6558,3.64
6559,3.97
6560,3.94
6561,4.11
6562,3.97
6563,3.68
6564,4.06
6565,3.63
6566,3.01
6567,4.01
6568,3.99
6569,3.82
6570,3.46
6571,4.24
6572,3.91
6573,3.65
6574,4.16
6575,3.98
6576,4.31
6577,3.83
6578,3.36
6579,3.66
6580,3.99
6581,3.89
6582,3.99
6583,4.34
6584,3.16
6585,4.32
6586,3.99
6587,3.58
6588,4.01
6589,3.52
6590,4.76
6591,3.88
6592,3.8
6593,3.93
6594,3.76
6595,3.92
6596,4.24
6597,3.55
6598,3.92
6599,3.73
6600,4.04
6601,3.81
6602,4.06
6603,3.97
6604,3.73
6605,3.74
6606,4.26
6607,3.53
6608,3.63
6609,4.04
6610,3.86
6611,4.19
6612,3.91
6613,4.3
6614,3.98
6615,3.71
6616,4.2
6617,4.23
6618,4.07
6619,4.06
6620,3.96
6621,3.62
6622,3.92
6623,3.06
6624,4.23
6625,3.73
6626,3.94
6627,4.01
6628,3.6
6629,4.06
6630,3.92
6631,3.69
6632,4.11
6633,3.58
6634,4.12
6635,3.9
6636,3.1
6637,3.38
6638,3.86
6639,4.03
6640,4.01
6641,4.32
6642,4.65
6643,4.07
6644,3.91
6645,4.28
6646,3.76
6647,4.24
6648,4.29
6649,3.87
6650,4.22
6651,4.06
6652,4.11
6653,3.63
6654,4.26
6655,4.15
6656,4.33
6657,4.16
6658,3.36
6659,4.53
6660,3.78
6661,3.69
6662,4.12
6663,4.21
6664,3.89
6665,3.73
6666,4.1
6667,4.01
6668,3.88
6669,3.85
6670,3.91
6671,3.84
6672,4.01
6673,4.16
6674,3.57
6675,3.36
6676,3.49
6677,3.64
6678,4.32
6679,3.52
6680,3.48
6681,4.24
6682,3.77
6683,3.68
6684,3.7
6685,4.14
6686,3.92
6687,3.91
6688,3.64
6689,4.03
6690,3.74
6691,3.66
6692,3.71
6693,3.85
6694,3.85
6695,3.73
6696,3.75
6697,4.26
6698,4.16
6699,3.48
6700,4.13
6701,3.82
6702,4.31
6703,4.18
6704,4.28
6705,4.1
6706,3.63
6707,3.49
6708,4.14
6709,4.17
6710,4.2
6711,4.25
6712,3.7
6713,4.11
6714,4.16
6715,3.77
6716,3.88
6717,4.27
6718,3.38
6719,3.94
6720,4.54
6721,3.68
6722,4.21
6723,3.1
6724,4.21
6725,3.62
6726,3.4
6727,3.78
6728,3.75
6729,3.96
6730,3.84
6731,4.26
6732,4.03
6733,3.64
6734,3.99
6735,4.08
6736,4.17
6737,3.37
6738,4.03
6739,4.28
6740,4.02
6741,4.01
6742,3.69
6743,4.11
6744,4.0
6745,3.98
6746,3.62
6747,3.94
6748,3.28
6749,4.24
6750,3.56
6751,4.38
6752,4.02
6753,3.54
6754,3.91
6755,3.51
6756,4.08
6757,3.66
6758,3.87
6759,4.19
6760,3.81
6761,3.87
6762,4.26
6763,4.28
6764,3.7
6765,3.93
6766,4.06
6767,4.1
6768,3.54
6769,3.79
6770,3.9
6771,3.95
6772,4.21
6773,3.65
6774,4.33
6775,4.04
6776,3.8
6777,3.43
6778,4.28
6779,3.2
6780,4.0
6781,4.01
6782,4.36
6783,3.8
6784,4.25
6785,4.45
6786,3.21
6787,3.63
6788,4.07
6789,4.3
6790,3.91
6791,3.53
6792,4.15
6793,4.25
6794,4.09
6795,4.22
6796,3.9
6797,4.27
6798,3.64
6799,3.88
6800,3.96
6801,3.8
6802,3.98
6803,4.25
6804,4.0
6805,3.55
6806,3.81
6807,3.81
6808,4.07
6809,4.36
6810,4.13
6811,4.37
6812,4.01
6813,3.83
6814,3.99
6815,4.21
6816,3.93
6817,3.87
6818,3.48
6819,3.17
6820,4.01
6821,4.09
6822,3.69
6823,3.82
6824,4.14
6825,3.9
6826,3.67
6827,3.69
6828,3.91
6829,3.91
6830,3.84
6831,3.91
6832,3.71
6833,3.73
6834,4.4
6835,4.08
6836,4.25
6837,3.58
6838,4.05
6839,3.77
6840,3.49
6841,4.19
6842,3.85
6843,3.58
6844,4.09
6845,3.93
6846,4.18
6847,3.7
6848,3.75
6849,4.45
6850,4.09
6851,3.83
6852,3.77
6853,4.03
6854,3.9
6855,3.57
6856,3.92
6857,4.11
6858,3.93
6859,4.03
6860,4.2
6861,3.69
6862,4.43
6863,4.25
6864,4.14
6865,3.5
6866,3.62
6867,4.11
6868,3.76
6869,4.02
6870,3.41
6871,3.69
6872,4.03
6873,3.84
6874,4.23
6875,4.22
6876,4.28
6877,3.7
6878,3.59
6879,3.62
6880,3.69
6881,3.78
6882,3.91
6883,3.76
6884,4.33
6885,3.78
6886,4.41
6887,3.98
6888,3.85
6889,3.79
6890,4.07
6891,4.03
6892,4.19
6893,3.74
6894,3.97
6895,3.51
6896,4.03
6897,3.65
6898,4.11
6899,3.5
6900,3.88
6901,3.49
6902,4.59
6903,4.08
6904,3.85
6905,4.19
6906,3.82
6907,3.53
6908,3.79
6909,4.27
6910,4.02
6911,3.71
6912,3.71
6913,3.71
6914,3.69
6915,3.96
6916,3.93
6917,3.15
6918,4.21
6919,4.13
6920,4.77
6921,3.71
6922,3.83
6923,4.22
6924,3.71
6925,3.93
6926,4.15
6927,4.06
6928,4.11
6929,3.81
6930,4.19
6931,3.68
6932,4.02
6933,4.01
6934,3.71
6935,3.93
6936,4.12
6937,4.06
6938,3.89
6939,4.01
6940,4.05
6941,4.12
6942,3.77
6943,3.94
6944,3.85
6945,4.18
6946,3.39
6947,3.96
6948,3.4
6949,4.05
6950,4.22
6951,4.11
6952,3.5
6953,4.25
6954,3.82
6955,4.01
6956,3.31
6957,3.99
6958,3.55
6959,3.79
6960,3.99
6961,3.96
6962,4.27
6963,4.46
6964,3.48
6965,3.88
6966,4.08
6967,3.72
6968,3.77
6969,3.35
6970,4.09
6971,4.26
6972,3.55
6973,3.73
6974,3.9
6975,3.66
6976,3.78
6977,4.49
6978,4.16
6979,3.94
6980,3.77
6981,3.76
6982,4.01
6983,3.68
6984,3.65
6985,3.69
6986,4.05
6987,3.93
6988,4.16
6989,3.57
6990,4.09
6991,4.46
6992,3.67
6993,4.07
6994,3.85
6995,4.34
6996,3.88
6997,4.06
6998,3.9
6999,3.61
7000,3.68
7001,3.7
7002,3.62
7003,3.55
7004,3.58
7005,4.46
7006,3.78
7007,3.77
7008,4.11
7009,4.04
7010,4.3
7011,4.16
7012,3.9
7013,3.47
7014,4.39
7015,4.2
7016,4.19
7017,4.15
7018,3.7
7019,4.3
7020,3.88
7021,3.71
7022,3.69
7023,3.57
7024,4.02
7025,3.66
7026,3.39
7027,4.26
7028,3.99
7029,4.49
7030,4.04
7031,3.44
7032,3.66
7033,3.91
7034,4.11
7035,4.17
7036,3.85
7037,4.01
7038,4.15
7039,4.42
7040,3.54
7041,4.21
7042,3.95
7043,3.31
7044,3.63
7045,3.53
7046,4.15
7047,3.66
7048,4.21
7049,4.06
7050,4.28
7051,4.26
7052,3.8
7053,4.02
7054,4.05
7055,4.29
7056,4.0
7057,3.66
7058,4.02
7059,3.99
7060,3.93
7061,4.1
7062,3.98
7063,4.34
7064,4.02
7065,3.9
7066,3.22
7067,3.44
7068,4.27
7069,4.17
7070,4.16
7071,3.61
7072,3.9
7073,4.25
7074,3.74
7075,4.16
7076,3.98
7077,3.51
7078,4.2
7079,3.89
7080,3.58
7081,4.23
7082,3.75
7083,4.24
7084,4.05
7085,4.18
7086,3.96
7087,3.6
7088,3.99
7089,3.62
7090,3.79
7091,4.07
7092,3.8
7093,3.24
7094,4.02
7095,3.64
7096,3.58
7097,4.06
7098,4.05
7099,4.12
7100,4.16
7101,4.44
7102,3.95
7103,4.03
7104,3.66
7105,3.65
7106,4.06
7107,3.79
7108,3.96
7109,3.83
7110,4.24
7111,3.82
7112,4.09
7113,4.27
7114,3.49
7115,4.21
7116,4.12
7117,4.36
7118,3.89
7119,3.92
7120,4.4
7121,3.98
7122,4.12
7123,3.77
7124,4.33
7125,3.85
7126,4.1
7127,4.07
7128,4.03
7129,3.44
7130,3.75
7131,4.17
7132,4.4
7133,3.42
7134,4.21
7135,3.82
7136,3.92
7137,3.35
7138,4.14
7139,3.8
7140,3.78
7141,3.3
7142,3.99
7143,3.87
7144,3.69
7145,3.92
7146,3.46
7147,4.0
7148,3.75
7149,3.63
7150,4.23
7151,4.22
7152,4.03
7153,4.38
7154,3.66
7155,3.76
7156,4.11
7157,4.26
7158,3.96
7159,3.97
7160,4.4
7161,3.55
7162,3.91
7163,3.95
7164,4.01
7165,3.99
7166,3.26
7167,4.12
7168,3.97
7169,3.78
7170,3.78
7171,3.92
7172,4.15
7173,4.37
7174,4.15
7175,3.52
7176,3.68
7177,3.95
7178,3.61
7179,3.75
7180,4.11
7181,4.2
7182,4.0
7183,3.6
7184,3.85
7185,4.03
7186,4.16
7187,4.19
7188,3.85
7189,3.97
7190,3.82
7191,4.37
7192,3.76
7193,3.82
7194,3.72
7195,3.89
7196,4.14
7197,4.03
7198,3.74
7199,4.04
7200,3.59
7201,3.28
7202,4.1
7203,4.42
7204,4.01
7205,3.83
7206,3.92
7207,3.78
7208,3.68
7209,3.98
7210,3.97
7211,3.88
7212,3.83
7213,3.99
7214,3.23
7215,3.69
7216,4.09
7217,4.41
7218,4.31
7219,3.87
7220,3.98
7221,3.63
7222,3.94
7223,3.84
7224,3.86
7225,3.54
7226,3.79
7227,4.02
7228,3.91
7229,3.62
7230,3.86
7231,4.07
7232,3.37
7233,4.16
7234,4.23
7235,3.73
7236,4.26
7237,3.86
7238,3.77
7239,4.09
7240,4.09
7241,3.45
7242,3.83
7243,3.94
7244,3.88
7245,4.18
7246,3.73
7247,3.64
7248,4.01
7249,3.79
7250,3.76
7251,3.58
7252,3.52
7253,3.84
7254,4.66
7255,3.69
7256,3.6
7257,3.81
7258,4.09
7259,3.7
7260,3.71
7261,3.03
7262,4.04
7263,4.08
7264,4.6
7265,4.01
7266,4.15
7267,3.58
7268,3.52
7269,4.1
7270,3.61
7271,3.8
7272,4.2
7273,3.58
7274,3.97
7275,4.39
7276,3.82
7277,3.72
7278,4.16
7279,3.8
7280,3.99
7281,4.01
7282,4.01
7283,4.06
7284,3.43
7285,3.53
7286,3.33
7287,3.9
7288,3.83
7289,3.88
7290,4.02
7291,4.02
7292,3.18
7293,3.77
7294,3.24
7295,3.24
7296,3.77
7297,4.24
7298,3.83
7299,4.29
7300,4.1
7301,3.79
7302,4.07
7303,3.89
7304,4.01
7305,4.47
7306,3.42
7307,3.84
7308,3.59
7309,3.82
7310,3.83
7311,3.6
7312,4.31
7313,3.79
7314,4.15
7315,3.35
7316,3.91
7317,4.09
7318,3.61
7319,4.18
7320,3.97
7321,4.42
7322,3.78
7323,4.15
7324,4.45
7325,3.7
7326,3.9
7327,4.12
7328,4.24
7329,3.66
7330,4.28
7331,3.76
7332,3.88
7333,3.84
7334,3.8
7335,4.22
7336,4.06
7337,4.14
7338,3.78
7339,4.09
7340,4.13
7341,3.8
7342,4.02
7343,4.06
7344,4.32
7345,3.8
7346,4.2
7347,3.91
7348,4.11
7349,4.06
7350,3.84
7351,3.63
7352,4.19
7353,3.66
7354,3.59
7355,3.96
7356,3.77
7357,3.86
7358,3.72
7359,3.64
7360,4.2
7361,3.8
7362,3.78
7363,3.8
7364,4.48
7365,3.86
7366,3.73
7367,3.56
7368,4.35
7369,3.67
7370,3.85
7371,3.95
7372,3.19
7373,4.52
7374,4.38
7375,3.89
7376,3.9
7377,4.41
7378,3.78
7379,3.82
7380,4.18
7381,4.2
7382,3.88
7383,3.81
7384,3.56
7385,3.65
7386,4.11
7387,3.71
7388,3.57
7389,3.61
7390,3.8
7391,4.17
7392,3.98
7393,4.03
7394,4.07
7395,4.29
7396,4.04
7397,3.57
7398,4.2
7399,3.26
7400,3.24
7401,4.4
7402,4.13
7403,4.22
7404,4.36
7405,3.88
7406,4.22
7407,3.82
7408,4.14
7409,4.34
7410,3.47
7411,3.8
7412,3.95
7413,4.33
7414,3.49
7415,4.12
7416,3.58
7417,4.27
7418,3.99
7419,4.28
7420,3.59
7421,3.96
7422,3.91
7423,4.12
7424,4.18
7425,4.06
7426,3.88
7427,3.54
7428,3.78
7429,3.88
7430,3.87
7431,3.79
7432,3.8
7433,3.84
7434,4.12
7435,4.36
7436,3.8
7437,3.68
7438,3.72
7439,4.24
7440,4.4
7441,3.2
7442,3.98
7443,4.17
7444,3.72
7445,4.22
7446,4.3
7447,4.3
7448,3.81
7449,3.63
7450,2.82
7451,3.48
7452,3.69
7453,3.59
7454,3.34
7455,4.21
7456,4.01
7457,4.15
7458,3.77
7459,3.88
7460,3.75
7461,4.1
7462,3.84
7463,3.81
7464,3.8
7465,3.48
7466,3.79
7467,3.55
7468,4.19
7469,4.0
7470,4.3
7471,3.75
7472,3.06
7473,3.95
7474,4.09
7475,4.08
7476,3.79
7477,4.01
7478,3.96
7479,4.0
7480,4.24
7481,4.36
7482,3.45
7483,4.09
7484,3.64
7485,3.73
7486,3.44
7487,4.04
7488,3.58
7489,3.99
7490,3.73
7491,3.46
7492,3.78
7493,3.94
7494,3.56
7495,3.66
7496,3.57
7497,4.29
7498,4.15
7499,4.23
7500,3.93
7501,4.16
7502,4.14
7503,3.84
7504,4.02
7505,4.13
7506,4.05
7507,3.98
7508,3.66
7509,3.59
7510,4.14
7511,3.55
7512,4.31
7513,4.25
7514,4.07
7515,3.95
7516,4.01
7517,4.13
7518,4.23
7519,3.56
7520,3.37
7521,3.89
7522,3.85
7523,4.22
7524,4.32
7525,3.84
7526,3.85
7527,3.47
7528,3.72
7529,4.08
7530,3.64
7531,3.79
7532,3.7
7533,4.18
7534,3.66
7535,3.56
7536,4.08
7537,4.42
7538,4.08
7539,3.78
7540,4.08
7541,4.04
7542,3.46
7543,3.67
7544,3.66
7545,3.07
7546,3.45
7547,4.18
7548,3.99
7549,3.95
7550,4.3
7551,3.66
7552,3.89
7553,4.23
7554,3.8
7555,3.66
7556,3.85
7557,3.81
7558,3.14
7559,4.1
7560,3.94
7561,3.7
7562,4.22
7563,3.85
7564,3.61
7565,3.8
7566,3.77
7567,3.68
7568,3.78
7569,4.11
7570,3.82
7571,3.88
7572,3.75
7573,3.62
7574,4.24
7575,4.09
7576,4.04
7577,4.15
7578,3.9
7579,3.88
7580,4.27
7581,3.91
7582,3.3
7583,4.21
7584,3.99
7585,3.78
7586,4.03
7587,3.74
7588,3.67
7589,4.23
7590,4.16
7591,3.51
7592,4.05
7593,4.52
7594,4.16
7595,4.26
7596,4.13
7597,3.7
7598,4.24
7599,3.8
7600,3.97
7601,3.92
7602,3.78
7603,3.69
7604,3.76
7605,4.06
7606,3.95
7607,3.83
7608,4.11
7609,3.64
7610,3.69
7611,4.03
7612,4.19
7613,4.15
7614,3.94
7615,4.0
7616,3.71
7617,3.74
7618,3.97
7619,3.78
7620,3.79
7621,4.4
7622,4.03
7623,4.09
7624,4.03
7625,4.16
7626,3.42
7627,4.18
7628,3.59
7629,4.33
7630,4.14
7631,3.93
7632,3.79
7633,4.28
7634,3.59
7635,3.73
7636,2.28
7637,3.73
7638,3.98
7639,4.35
7640,3.89
7641,3.9
7642,4.11
7643,4.05
7644,3.98
7645,3.82
7646,3.9
7647,3.86
7648,3.98
7649,3.79
7650,3.68
7651,3.83
7652,3.78
7653,3.81
7654,4.31
7655,3.72
7656,3.59
7657,3.89
7658,3.72
7659,3.38
7660,4.27
7661,4.38
7662,3.79
7663,3.9
7664,3.21
7665,3.55
7666,4.09
7667,3.58
7668,3.72
7669,4.12
7670,3.96
7671,3.96
7672,4.05
7673,3.58
7674,3.99
7675,3.84
7676,4.01
7677,4.17
7678,3.68
7679,4.16
7680,4.2
7681,3.53
7682,3.87
7683,3.78
7684,3.72
7685,4.22
7686,3.45
7687,3.74
7688,4.21
7689,4.53
7690,4.21
7691,4.0
7692,4.13
7693,3.94
7694,3.98
7695,3.83
7696,4.45
7697,4.1
7698,3.55
7699,3.56
7700,4.27
7701,3.94
7702,4.29
7703,3.41
7704,3.82
7705,4.06
7706,3.51
7707,4.29
7708,3.88
7709,3.6
7710,4.17
7711,3.97
7712,4.1
7713,3.91
7714,4.06
7715,4.0
7716,3.86
7717,4.15
7718,4.1
7719,3.45
7720,4.19
7721,3.82
7722,3.96
7723,3.82
7724,4.03
7725,3.78
7726,3.42
7727,4.19
7728,4.14
7729,4.06
7730,4.16
7731,3.77
7732,4.0
7733,3.93
7734,3.71
7735,3.21
7736,4.09
7737,4.0
7738,4.09
7739,3.64
7740,4.33
7741,3.99
7742,3.62
7743,4.0
7744,3.45
7745,4.21
7746,3.8
7747,4.04
7748,3.82
7749,3.56
7750,4.07
7751,3.52
7752,3.75
7753,4.37
7754,3.52
7755,3.57
7756,3.94
7757,3.53
7758,3.92
7759,3.48
7760,3.96
7761,3.8
7762,4.21
7763,3.59
7764,4.03
7765,3.84
7766,3.91
7767,4.3
7768,3.61
7769,3.74
7770,3.79
7771,4.03
7772,3.67
7773,3.94
7774,3.59
7775,3.98
7776,3.98
7777,3.77
7778,3.52
7779,3.57
7780,4.18
7781,4.25
7782,4.14
7783,3.84
7784,3.84
7785,3.45
7786,4.06
7787,4.14
7788,3.7
7789,4.0
7790,4.06
7791,3.55
7792,3.82
7793,3.76
7794,3.48
7795,3.58
7796,3.26
7797,3.28
7798,3.53
7799,4.43
7800,3.05
7801,3.82
7802,3.97
7803,3.38
7804,3.7
7805,4.1
7806,4.04
7807,4.31
7808,3.72
7809,4.14
7810,3.62
7811,4.26
7812,3.6
7813,4.3
7814,3.59
7815,4.0
7816,4.31
7817,4.01
7818,4.27
7819,4.16
7820,3.59
7821,3.81
7822,3.93
7823,4.19
7824,3.99
7825,3.82
7826,3.89
7827,4.05
7828,3.55
7829,4.15
7830,3.65
7831,4.43
7832,4.22
7833,4.1
7834,4.38
7835,4.24
7836,3.72
7837,4.06
7838,3.77
7839,4.11
7840,3.66
7841,3.58
7842,3.55
7843,3.12
7844,4.47
7845,4.09
7846,4.08
7847,4.2
7848,3.79
7849,4.04
7850,4.32
7851,3.99
7852,4.39
7853,4.33
7854,4.14
7855,4.17
7856,4.03
7857,4.15
7858,4.12
7859,3.8
7860,4.38
7861,4.1
7862,4.16
7863,4.29
7864,3.62
7865,4.4
7866,3.92
7867,3.46
7868,3.58
7869,3.84
7870,4.05
7871,3.19
7872,3.55
7873,3.82
7874,4.02
7875,3.6
7876,4.07
7877,3.94
7878,4.04
7879,3.43
7880,3.55
7881,3.88
7882,3.3
7883,4.66
7884,4.28
7885,3.48
7886,4.1
7887,3.72
7888,4.15
7889,3.62
7890,3.69
7891,4.25
7892,3.52
7893,4.09
7894,4.39
7895,4.07
7896,3.74
7897,3.67
7898,3.98
7899,4.31
7900,3.85
7901,3.86
7902,4.39
7903,4.04
7904,3.7
7905,3.81
7906,4.3
7907,4.17
7908,4.05
7909,3.92
7910,4.34
7911,4.19
7912,3.4
7913,4.12
7914,3.82
7915,4.17
7916,3.86
7917,3.75
7918,3.75
7919,4.17
7920,4.06
7921,3.83
7922,4.07
7923,4.18
7924,3.66
7925,4.14
7926,3.49
7927,3.7
7928,4.21
7929,4.28
7930,3.67
7931,4.29
7932,3.95
7933,4.04
7934,3.75
7935,4.11
7936,4.05
7937,3.94
7938,4.12
7939,4.26
7940,4.11
7941,4.22
7942,4.14
7943,3.93
7944,3.61
7945,4.6
7946,3.95
7947,4.82
7948,3.33
7949,4.2
7950,3.46
7951,4.12
7952,3.74
7953,3.78
7954,3.65
7955,3.16
7956,3.82
7957,4.2
7958,4.11
7959,3.83
7960,4.1
7961,4.03
7962,3.62
7963,3.83
7964,3.82
7965,3.91
7966,4.45
7967,3.66
7968,3.84
7969,3.73
7970,3.94
7971,4.08
7972,3.39
7973,3.79
7974,3.97
7975,3.37
7976,4.25
7977,4.15
7978,4.06
7979,4.12
7980,2.8
7981,3.99
7982,3.96
7983,4.06
7984,3.61
7985,3.98
7986,4.11
7987,4.1
7988,4.1
7989,4.07
7990,3.76
7991,3.6
7992,3.82
7993,4.37
7994,4.17
7995,3.16
7996,4.28
7997,3.63
7998,4.01
7999,4.31
8000,3.98
8001,3.97
8002,3.76
8003,3.88
8004,3.96
8005,4.22
8006,3.88
8007,2.78
8008,4.25
8009,4.04
8010,3.74
8011,3.97
8012,3.88
8013,4.45
8014,4.05
8015,3.78
8016,3.79
8017,4.06
8018,3.74
8019,3.66
8020,4.01
8021,3.78
8022,3.6
8023,3.43
8024,3.2
8025,3.95
8026,3.64
8027,4.03
8028,4.47
8029,4.15
8030,3.73
8031,3.95
8032,3.53
8033,4.05
8034,3.64
8035,3.8
8036,3.69
8037,3.67
8038,4.17
8039,3.95
8040,4.13
8041,3.95
8042,4.0
8043,3.81
8044,3.9
8045,3.72
8046,3.75
8047,3.88
8048,3.99
8049,3.6
8050,4.12
8051,3.96
8052,3.75
8053,4.37
8054,3.98
8055,4.3
8056,4.15
8057,4.2
8058,4.37
8059,4.19
8060,3.63
8061,3.47
8062,3.8
8063,3.86
8064,4.05
8065,3.91
8066,3.86
8067,3.88
8068,3.64
8069,3.79
8070,3.85
8071,3.17
8072,3.98
8073,3.59
8074,4.31
8075,3.76
8076,4.3
8077,4.34
8078,4.31
8079,4.22
8080,3.9
8081,3.96
8082,3.92
8083,4.37
8084,3.96
8085,3.92
8086,3.65
8087,4.28
8088,3.69
8089,4.12
8090,3.64
8091,3.65
8092,3.78
8093,3.82
8094,3.94
8095,3.69
8096,3.87
8097,3.62
8098,3.6
8099,4.06
8100,3.7
8101,4.08
8102,4.19
8103,4.11
8104,3.66
8105,3.98
8106,4.3
8107,3.97
8108,3.51
8109,4.68
8110,4.51
8111,3.92
8112,4.36
8113,3.07
8114,3.76
8115,3.89
8116,3.74
8117,4.4
8118,3.34
8119,3.76
8120,4.26
8121,4.13
8122,3.62
8123,3.94
8124,3.28
8125,3.77
8126,4.26
8127,3.82
8128,4.08
8129,3.71
8130,3.98
8131,3.6
8132,3.84
8133,4.16
8134,3.79
8135,3.87
8136,4.14
8137,3.95
8138,3.59
8139,4.22
8140,3.77
8141,3.42
8142,3.38
8143,3.82
8144,3.71
8145,4.2
8146,3.85
8147,3.32
8148,3.32
8149,4.29
8150,3.64
8151,3.59
8152,3.69
8153,3.69
8154,4.09
8155,4.11
8156,3.76
8157,3.68
8158,4.37
8159,4.24
8160,4.23
8161,4.06
8162,2.99
8163,3.81
8164,4.44
8165,3.82
8166,2.8
8167,3.94
8168,4.1
8169,3.35
8170,3.61
8171,3.97
8172,4.4
8173,4.19
8174,4.13
8175,3.79
8176,3.89
8177,3.86
8178,3.71
8179,3.82
8180,3.65
8181,3.82
8182,4.36
8183,3.91
8184,4.1
8185,3.76
8186,4.14
8187,4.5
8188,3.71
8189,3.44
8190,3.2
8191,3.41
8192,3.71
8193,3.76
8194,4.25
8195,3.27
8196,3.9
8197,4.04
8198,4.14
8199,3.34
8200,4.0
8201,4.18
8202,4.47
8203,3.94
8204,3.71
8205,3.93
8206,3.67
8207,3.54
8208,4.15
8209,4.1
8210,3.85
8211,3.71
8212,3.57
8213,4.45
8214,4.03
8215,3.8
8216,3.33
8217,3.84
8218,3.95
8219,4.25
8220,4.12
8221,4.12
8222,3.89
8223,3.77
8224,3.47
8225,3.53
8226,3.72
8227,3.26
8228,3.62
8229,3.92
8230,3.46
8231,3.5
8232,3.59
8233,4.51
8234,3.91
8235,3.53
8236,3.74
8237,3.96
8238,4.17
8239,3.7
8240,4.21
8241,4.11
8242,3.72
8243,4.37
8244,4.11
8245,3.87
8246,4.16
8247,3.75
8248,3.59
8249,4.03
8250,4.03
8251,4.02
8252,3.91
8253,3.66
8254,3.89
8255,3.34
8256,4.3
8257,4.39
8258,3.88
8259,4.24
8260,4.04
8261,3.82
8262,3.81
8263,3.35
8264,3.57
8265,4.0
8266,3.95
8267,4.18
8268,4.12
8269,3.56
8270,3.87
8271,3.78
8272,4.18
8273,3.71
8274,4.15
8275,3.63
8276,3.78
8277,3.45
8278,3.78
8279,4.04
8280,4.0
8281,3.93
8282,4.13
8283,4.12
8284,4.04
8285,3.62
8286,4.43
8287,4.15
8288,4.03
8289,3.89
8290,3.72
8291,3.93
8292,3.8
8293,3.86
8294,3.98
8295,3.92
8296,4.07
8297,3.25
8298,3.41
8299,3.92
8300,3.57
8301,4.22
8302,4.02
8303,3.96
8304,3.71
8305,3.68
8306,3.96
8307,3.31
8308,4.04
8309,3.78
8310,4.21
8311,3.88
8312,3.95
8313,3.88
8314,3.26
8315,3.38
8316,4.1
8317,3.84
8318,3.72
8319,3.38
8320,3.72
8321,4.28
8322,3.77
8323,4.31
8324,4.11
8325,4.07
8326,4.02
8327,3.53
8328,3.53
8329,3.83
8330,3.62
8331,4.03
8332,4.1
8333,4.22
8334,3.69
8335,3.06
8336,3.88
8337,4.0
8338,3.85
8339,4.07
8340,3.63
8341,4.25
8342,3.48
8343,4.31
8344,4.09
8345,4.3
8346,3.71
8347,3.91
8348,3.44
8349,3.78
8350,3.31
8351,3.99
8352,4.03
8353,3.96
8354,4.12
8355,3.55
8356,3.5
8357,3.71
8358,3.97
8359,3.52
8360,4.0
8361,3.76
8362,4.49
8363,4.36
8364,3.95
8365,3.5
8366,3.85
8367,3.71
8368,3.83
8369,4.09
8370,3.88
8371,4.47
8372,3.52
8373,3.86
8374,4.1
8375,4.07
8376,4.13
8377,3.8
8378,3.75
8379,3.09
8380,3.38
8381,3.84
8382,3.31
8383,4.08
8384,3.52
8385,3.37
8386,3.71
8387,3.75
8388,3.96
8389,3.85
8390,4.18
8391,4.12
8392,3.97
8393,4.32
8394,4.08
8395,4.12
8396,4.13
8397,3.93
8398,3.65
8399,3.75
8400,3.98
8401,3.42
8402,4.16
8403,4.05
8404,3.8
8405,3.86
8406,3.66
8407,4.05
8408,4.39
8409,3.83
8410,3.6
8411,3.85
8412,3.96
8413,3.73
8414,4.0
8415,4.31
8416,3.94
8417,3.52
8418,3.95
8419,4.23
8420,3.98
8421,3.84
8422,4.08
8423,3.67
8424,4.0
8425,3.76
8426,3.9
8427,3.73
8428,4.22
8429,3.77
8430,4.14
8431,4.04
8432,3.86
8433,3.61
8434,3.89
8435,3.66
8436,4.09
8437,4.29
8438,3.95
8439,3.41
8440,4.1
8441,3.8
8442,4.29
8443,3.94
8444,3.67
8445,3.98
8446,3.59
8447,3.56
8448,3.46
8449,3.62
8450,4.16
8451,4.57
8452,3.82
8453,3.36
8454,3.55
8455,4.34
8456,3.91
8457,3.5
8458,4.1
8459,3.95
8460,4.09
8461,3.22
8462,3.72
8463,3.99
8464,4.16
8465,3.73
8466,2.56
8467,4.05
8468,4.07
8469,3.56
8470,4.17
8471,3.72
8472,3.8
8473,3.93
8474,3.84
8475,3.72
8476,3.91
8477,3.85
8478,4.16
8479,3.8
8480,3.22
8481,3.9
8482,3.98
8483,3.71
8484,3.84
8485,3.8
8486,3.44
8487,4.24
8488,4.15
8489,3.3
8490,3.23
8491,3.74
8492,4.38
8493,3.74
8494,4.05
8495,4.41
8496,3.72
8497,3.99
8498,4.05
8499,3.59
8500,4.5
8501,4.03
8502,4.07
8503,4.11
8504,3.86
8505,3.23
8506,3.91
8507,3.9
8508,3.79
8509,3.98
8510,4.05
8511,4.4
8512,3.35
8513,4.25
8514,3.66
8515,3.94
8516,3.83
8517,3.72
8518,4.46
8519,3.84
8520,3.56
8521,4.32
8522,4.15
8523,3.98
8524,3.94
8525,3.21
8526,3.29
8527,4.25
8528,3.91
8529,3.98
8530,3.54
8531,3.73
8532,3.74
8533,4.21
8534,3.57
8535,4.09
8536,3.76
8537,3.56
8538,3.79
8539,3.95
8540,3.29
8541,3.89
8542,4.29
8543,3.71
8544,3.82
8545,3.93
8546,4.13
8547,3.9
8548,4.58
8549,3.91
8550,3.61
8551,3.76
8552,4.35
8553,3.87
8554,4.08
8555,4.15
8556,3.88
8557,4.08
8558,3.93
8559,3.65
8560,4.13
8561,3.66
8562,4.04
8563,4.22
8564,3.57
8565,3.57
8566,3.77
8567,4.43
8568,4.08
8569,4.67
8570,3.79
8571,4.27
8572,3.9
8573,3.59
8574,3.72
8575,3.79
8576,3.94
8577,4.32
8578,4.31
8579,4.22
8580,3.95
8581,3.98
8582,3.85
8583,3.26
8584,3.95
8585,3.94
8586,3.7
8587,4.03
8588,3.75
8589,4.1
8590,3.9
8591,4.14
8592,4.2
8593,3.66
8594,3.65
8595,4.27
8596,4.12
8597,3.15
8598,3.93
8599,4.25
8600,3.82
8601,3.72
8602,4.05
8603,3.87
8604,3.96
8605,4.0
8606,4.41
8607,3.97
8608,4.15
8609,4.12
8610,3.44
8611,3.98
8612,3.94
8613,3.56
8614,4.19
8615,4.28
8616,4.05
8617,3.87
8618,4.08
8619,4.41
8620,4.28
8621,4.08
8622,4.35
8623,4.23
8624,4.13
8625,3.65
8626,3.73
8627,4.03
8628,3.98
8629,3.69
8630,3.41
8631,3.81
8632,3.68
8633,3.94
8634,3.42
8635,4.06
8636,3.67
8637,3.76
8638,4.2
8639,4.04
8640,4.16
8641,4.4
8642,4.1
8643,4.01
8644,3.74
8645,4.02
8646,3.45
8647,4.0
8648,4.41
8649,3.91
8650,4.08
8651,3.87
8652,3.81
8653,3.72
8654,3.46
8655,3.51
8656,3.64
8657,3.99
8658,3.73
8659,3.7
8660,4.21
8661,3.49
8662,4.11
8663,4.68
8664,3.95
8665,4.21
8666,3.86
8667,3.99
8668,4.32
8669,4.14
8670,3.78
8671,3.72
8672,3.82
8673,3.76
8674,4.24
8675,4.16
8676,3.49
8677,3.92
8678,4.12
8679,3.67
8680,4.42
8681,4.01
8682,3.61
8683,3.09
8684,3.45
8685,3.76
8686,3.31
8687,4.33
8688,3.2
8689,4.1
8690,3.94
8691,3.95
8692,3.79
8693,3.5
8694,4.2
8695,3.96
8696,3.97
8697,3.31
8698,4.08
8699,4.37
8700,4.47
8701,4.11
8702,4.04
8703,4.01
8704,4.04
8705,4.15
8706,4.13
8707,3.93
8708,3.84
8709,3.64
8710,3.94
8711,3.73
8712,3.93
8713,3.49
8714,3.92
8715,4.03
8716,3.69
8717,3.55
8718,3.79
8719,3.92
8720,3.68
8721,4.03
8722,3.86
8723,3.24
8724,3.44
8725,4.1
8726,3.8
8727,3.71
8728,3.48
8729,3.82
8730,4.04
8731,3.36
8732,4.1
8733,3.99
8734,3.4
8735,3.19
8736,3.73
8737,4.28
8738,4.42
8739,3.65
8740,3.85
8741,3.63
8742,3.46
8743,4.29
8744,3.75
8745,3.21
8746,4.22
8747,3.96
8748,4.04
8749,3.92
8750,3.87
8751,4.09
8752,4.22
8753,3.92
8754,3.15
8755,4.0
8756,3.98
8757,4.34
8758,4.03
8759,3.44
8760,3.7
8761,3.93
8762,4.06
8763,3.51
8764,3.7
8765,3.37
8766,3.62
8767,3.53
8768,4.49
8769,4.15
8770,4.09
8771,4.2
8772,3.36
8773,4.35
8774,3.91
8775,4.12
8776,4.09
8777,3.48
8778,3.91
8779,3.71
8780,3.63
8781,3.73
8782,4.02
8783,3.48
8784,3.66
8785,4.24
8786,3.77
8787,3.79
8788,3.52
8789,4.01
8790,3.81
8791,3.82
8792,3.99
8793,3.51
8794,3.96
8795,3.45
8796,4.1
8797,3.69
8798,3.73
8799,4.11
8800,3.8
8801,3.71
8802,3.6
8803,3.77
8804,3.63
8805,3.93
8806,3.95
8807,3.94
8808,3.85
8809,3.5
8810,3.7
8811,3.87
8812,3.64
8813,3.49
8814,3.96
8815,3.41
8816,3.33
8817,4.14
8818,4.28
8819,4.41
8820,4.23
8821,3.68
8822,4.15
8823,4.39
8824,4.16
8825,3.43
8826,4.26
8827,3.7
8828,3.65
8829,4.49
8830,3.63
8831,4.39
8832,3.97
8833,4.13
8834,3.99
8835,3.36
8836,3.84
8837,3.51
8838,3.78
8839,3.76
8840,3.77
8841,3.44
8842,3.72
8843,3.93
8844,3.38
8845,3.99
8846,3.95
8847,4.28
8848,3.67
8849,3.91
8850,4.09
8851,3.91
8852,4.16
8853,4.12
8854,4.59
8855,3.74
8856,4.22
8857,3.98
8858,3.99
8859,4.22
8860,3.69
8861,3.98
8862,3.77
8863,4.08
8864,3.91
8865,3.91
8866,3.63
8867,4.19
8868,3.64
8869,3.87
8870,4.14
8871,3.76
8872,3.99
8873,3.96
8874,2.71
8875,3.76
8876,3.24
8877,3.86
8878,3.67
8879,3.84
8880,4.46
8881,3.86
8882,3.69
8883,4.02
8884,3.88
8885,3.62
8886,3.82
8887,3.89
8888,3.94
8889,4.02
8890,4.35
8891,3.86
8892,4.22
8893,4.02
8894,3.82
8895,3.71
8896,3.62
8897,4.05
8898,4.01
8899,3.98
8900,3.45
8901,4.16
8902,4.07
8903,3.87
8904,4.08
8905,3.42
8906,4.07
8907,4.32
8908,3.69
8909,4.42
8910,4.05
8911,4.26
8912,3.69
8913,4.05
8914,3.55
8915,3.91
8916,3.45
8917,4.21
8918,4.47
8919,3.18
8920,3.13
8921,3.45
8922,3.87
8923,3.87
8924,4.16
8925,3.99
8926,4.51
8927,3.95
8928,3.83
8929,3.88
8930,3.85
8931,3.83
8932,3.62
8933,4.37
8934,3.6
8935,3.45
8936,4.14
8937,3.98
8938,3.78
8939,3.52
8940,4.18
8941,3.69
8942,3.64
8943,4.08
8944,3.78
8945,3.98
8946,4.72
8947,4.1
8948,4.02
8949,3.79
8950,3.68
8951,3.89
8952,4.0
8953,3.3
8954,3.66
8955,3.86
8956,3.58
8957,3.8
8958,3.61
8959,3.84
8960,2.99
8961,3.75
8962,4.12
8963,3.76
8964,4.19
8965,4.27
8966,4.09
8967,4.16
8968,3.85
8969,4.11
8970,3.77
8971,4.09
8972,4.03
8973,3.92
8974,3.57
8975,3.71
8976,4.54
8977,3.68
8978,4.76
8979,4.15
8980,3.2
8981,3.44
8982,4.52
8983,3.61
8984,3.92
8985,3.84
8986,3.35
8987,3.63
8988,3.98
8989,3.91
8990,3.82
8991,4.23
8992,3.57
8993,3.48
8994,3.83
8995,3.68
8996,4.26
8997,3.97
8998,4.02
8999,4.24
9000,3.66
9001,3.15
9002,3.67
9003,3.74
9004,4.57
9005,3.34
9006,3.97
9007,3.78
9008,4.04
9009,3.64
9010,4.14
9011,4.22
9012,3.8
9013,3.74
9014,4.04
9015,4.15
9016,3.82
9017,3.81
9018,4.17
9019,3.89
9020,3.56
9021,2.62
9022,3.78
9023,3.56
9024,4.43
9025,3.46
9026,3.7
9027,4.25
9028,4.27
9029,3.97
9030,3.93
9031,4.23
9032,4.17
9033,3.76
9034,3.99
9035,3.5
9036,3.79
9037,4.27
9038,3.43
9039,4.06
9040,3.76
9041,4.29
9042,3.84
9043,4.05
9044,4.08
9045,4.04
9046,4.16
9047,4.0
9048,4.29
9049,4.05
9050,4.18
9051,3.79
9052,4.25
9053,4.36
9054,3.66
9055,4.32
9056,3.73
9057,3.7
9058,4.29
9059,4.09
9060,3.44
9061,4.0
9062,3.84
9063,4.08
9064,3.78
9065,3.74
9066,4.07
9067,4.43
9068,3.69
9069,3.97
9070,3.39
9071,4.34
9072,3.25
9073,4.09
9074,4.0
9075,3.93
9076,4.6
9077,3.91
9078,4.03
9079,4.02
9080,3.74
9081,3.63
9082,3.84
9083,3.4
9084,3.92
9085,3.92
9086,3.76
9087,3.76
9088,3.84
9089,3.92
9090,3.69
9091,3.5
9092,4.34
9093,3.78
9094,4.04
9095,4.09
9096,3.93
9097,4.0
9098,3.84
9099,4.06
9100,4.04
9101,3.73
9102,4.11
9103,3.65
9104,3.92
9105,3.93
9106,4.1
9107,3.07
9108,3.89
9109,3.89
9110,4.2
9111,3.87
9112,4.31
9113,3.8
9114,4.4
9115,3.52
9116,3.76
9117,3.59
9118,3.43
9119,4.26
9120,4.18
9121,4.18
9122,4.02
9123,4.34
9124,4.2
9125,4.28
9126,4.07
9127,3.78
9128,4.15
9129,3.73
9130,4.19
9131,3.91
9132,3.81
9133,4.01
9134,4.24
9135,4.17
9136,3.89
9137,3.79
9138,3.5
9139,4.52
9140,4.08
9141,4.71
9142,4.12
9143,3.57
9144,3.99
9145,3.48
9146,4.42
9147,4.48
9148,3.89
9149,3.88
9150,3.56
9151,4.05
9152,3.52
9153,4.15
9154,3.78
9155,3.88
9156,4.23
9157,3.63
9158,3.48
9159,3.7
9160,3.99
9161,4.39
9162,4.29
9163,3.34
9164,4.02
9165,4.02
9166,3.34
9167,3.67
9168,3.98
9169,3.39
9170,3.73
9171,3.79
9172,3.89
9173,3.87
9174,3.88
9175,3.96
9176,3.72
9177,3.6
9178,3.67
9179,3.53
9180,3.68
9181,3.55
9182,4.27
9183,4.2
9184,4.27
9185,3.82
9186,3.71
9187,3.99
9188,3.44
9189,4.12
9190,4.42
9191,3.65
9192,4.12
9193,3.53
9194,4.13
9195,4.02
9196,3.65
9197,4.14
9198,3.73
9199,3.86
9200,3.96
9201,3.95
9202,3.58
9203,3.96
9204,3.48
9205,3.41
9206,3.77
9207,3.78
9208,4.19
9209,4.33
9210,4.12
9211,3.69
9212,4.07
9213,4.14
9214,3.77
9215,3.87
9216,4.04
9217,3.97
9218,3.91
9219,4.11
9220,3.24
9221,3.78
9222,4.31
9223,3.49
9224,3.76
9225,3.97
9226,3.8
9227,4.01
9228,4.15
9229,3.63
9230,4.18
9231,4.24
9232,3.89
9233,3.99
9234,3.52
9235,4.16
9236,3.23
9237,3.38
9238,3.97
9239,4.14
9240,3.66
9241,4.09
9242,3.77
9243,3.98
9244,3.77
9245,4.4
9246,3.64
9247,4.04
9248,3.78
9249,4.04
9250,3.81
9251,3.79
9252,4.36
9253,3.96
9254,3.97
9255,3.7
9256,3.83
9257,4.13
9258,4.01
9259,4.0
9260,4.04
9261,4.26
9262,3.97
9263,3.76
9264,3.23
9265,3.85
9266,3.29
9267,3.04
9268,4.23
9269,4.07
9270,3.75
9271,3.25
9272,3.91
9273,3.66
9274,4.23
9275,4.1
9276,3.97
9277,3.71
9278,4.05
9279,3.92
9280,4.0
9281,3.8
9282,4.1
9283,4.14
9284,3.76
9285,3.64
9286,4.03
9287,3.53
9288,3.47
9289,4.12
9290,3.12
9291,3.78
9292,3.68
9293,3.84
9294,4.21
9295,3.96
9296,3.95
9297,4.32
9298,4.22
9299,3.59
9300,3.31
9301,4.36
9302,3.73
9303,4.14
9304,3.69
9305,3.35
9306,3.64
9307,4.09
9308,4.26
9309,3.46
9310,3.94
9311,3.76
9312,3.9
9313,4.02
9314,3.72
9315,3.72
9316,4.08
9317,3.74
9318,4.16
9319,4.52
9320,3.69
9321,4.12
9322,3.94
9323,3.73
9324,3.69
9325,3.89
9326,4.05
9327,4.21
9328,3.3
9329,4.14
9330,4.02
9331,3.76
9332,3.63
9333,3.78
9334,4.23
9335,3.4
9336,3.75
9337,4.08
9338,3.99
9339,4.08
9340,3.96
9341,3.35
9342,4.09
9343,4.17
9344,3.82
9345,3.55
9346,3.92
9347,3.79
9348,3.45
9349,3.47
9350,3.88
9351,4.0
9352,3.85
9353,3.67
9354,4.05
9355,3.53
9356,3.83
9357,3.35
9358,4.06
9359,4.03
9360,4.55
9361,3.55
9362,3.88
9363,3.69
9364,3.94
9365,4.08
9366,4.12
9367,3.79
9368,3.98
9369,3.36
9370,3.82
9371,3.84
9372,4.09
9373,3.37
9374,3.95
9375,3.72
9376,4.18
9377,4.16
9378,4.24
9379,4.08
9380,4.12
9381,3.88
9382,4.05
9383,3.88
9384,3.55
9385,4.13
9386,3.55
9387,4.02
9388,4.12
9389,4.0
9390,3.64
9391,3.62
9392,3.91
9393,3.95
9394,3.39
9395,3.47
9396,3.27
9397,3.9
9398,3.89
9399,4.14
9400,3.73
9401,4.41
9402,3.83
9403,3.79
9404,3.93
9405,3.58
9406,3.77
9407,3.89
9408,4.13
9409,3.58
9410,3.81
9411,3.74
9412,4.09
9413,3.98
9414,4.31
9415,4.17
9416,3.34
9417,4.13
9418,3.76
9419,3.51
9420,4.02
9421,3.94
9422,3.51
9423,3.81
9424,3.92
9425,3.52
9426,3.72
9427,3.45
9428,3.76
9429,3.72
9430,3.65
9431,3.92
9432,4.19
9433,3.58
9434,3.96
9435,4.16
9436,3.55
9437,3.78
9438,3.38
9439,4.23
9440,3.75
9441,4.19
9442,3.94
9443,4.2
9444,3.98
9445,2.81
9446,3.6
9447,3.6
9448,4.08
9449,3.54
9450,3.67
9451,3.65
9452,4.07
9453,4.3
9454,3.53
9455,3.72
9456,4.1
9457,4.35
9458,4.33
9459,4.16
9460,4.03
9461,3.96
9462,3.43
9463,3.8
9464,3.77
9465,3.82
9466,4.26
9467,4.04
9468,4.16
9469,3.75
9470,4.55
9471,3.83
9472,3.7
9473,3.13
9474,3.91
9475,3.79
9476,3.58
9477,3.65
9478,4.09
9479,4.19
9480,3.85
9481,3.83
9482,4.01
9483,4.15
9484,3.55
9485,3.73
9486,4.04
9487,3.71
9488,4.2
9489,3.64
9490,4.11
9491,4.21
9492,3.64
9493,3.64
9494,3.78
9495,4.17
9496,4.11
9497,3.26
9498,4.23
9499,3.99
9500,3.65
9501,3.92
9502,4.09
9503,3.49
9504,4.29
9505,4.1
9506,3.6
9507,3.87
9508,3.66
9509,3.77
9510,4.03
9511,3.28
9512,3.38
9513,3.07
9514,3.62
9515,3.7
9516,3.85
9517,3.61
9518,4.28
9519,3.66
9520,3.88
9521,3.88
9522,4.1
9523,2.74
9524,4.14
9525,4.12
9526,3.93
9527,3.96
9528,4.23
9529,4.17
9530,3.61
9531,4.5
9532,3.72
9533,3.76
9534,4.0
9535,4.09
9536,4.48
9537,4.38
9538,3.74
9539,4.09
9540,4.18
9541,3.53
9542,3.82
9543,3.83
9544,3.42
9545,4.07
9546,3.91
9547,3.63
9548,4.13
9549,3.56
9550,3.84
9551,3.88
9552,3.46
9553,4.29
9554,3.87
9555,3.59
9556,3.81
9557,4.12
9558,4.2
9559,3.53
9560,3.83
9561,3.92
9562,3.89
9563,3.93
9564,3.68
9565,3.63
9566,4.77
9567,3.8
9568,4.1
9569,4.64
9570,4.22
9571,4.1
9572,3.96
9573,3.6
9574,3.64
9575,4.02
9576,4.05
9577,3.96
9578,4.26
9579,3.14
9580,4.27
9581,3.81
9582,3.45
9583,3.99
9584,3.82
9585,3.87
9586,3.85
9587,4.07
9588,3.39
9589,4.32
9590,3.83
9591,4.3
9592,3.95
9593,3.92
9594,3.53
9595,3.47
9596,3.34
9597,4.21
9598,4.26
9599,3.6
9600,3.42
9601,4.25
9602,3.67
9603,3.84
9604,4.04
9605,3.88
9606,3.68
9607,3.74
9608,4.15
9609,4.17
9610,3.41
9611,3.66
9612,3.7
9613,3.97
9614,3.79
9615,4.13
9616,3.9
9617,4.17
9618,3.73
9619,4.2
9620,4.2
9621,3.59
9622,3.75
9623,3.78
9624,4.06
9625,3.98
9626,4.39
9627,3.77
9628,3.43
9629,3.96
9630,3.91
9631,3.42
9632,3.27
9633,3.45
9634,3.58
9635,3.91
9636,3.99
9637,3.37
9638,3.67
9639,3.87
9640,4.0
9641,3.45
9642,3.81
9643,3.66
9644,4.04
9645,3.69
9646,3.57
9647,3.8
9648,3.83
9649,3.89
9650,4.0
9651,3.74
9652,4.14
9653,3.9
9654,3.54
9655,3.78
9656,4.28
9657,4.18
9658,4.07
9659,3.37
9660,4.03
9661,4.18
9662,4.12
9663,3.51
9664,4.33
9665,3.95
9666,3.45
9667,4.13
9668,3.97
9669,3.28
9670,3.47
9671,4.07
9672,4.09
9673,4.38
9674,3.61
9675,3.59
9676,4.24
9677,3.79
9678,3.91
9679,4.03
9680,3.39
9681,4.11
9682,3.88
9683,3.54
9684,3.4
9685,4.11
9686,3.87
9687,4.06
9688,4.18
9689,3.88
9690,4.14
9691,3.46
9692,3.65
9693,4.05
9694,3.78
9695,3.88
9696,4.2
9697,4.07
9698,4.08
9699,3.7
9700,3.69
9701,4.0
9702,3.95
9703,4.0
9704,3.47
9705,2.96
9706,4.05
9707,4.1
9708,3.5
9709,3.62
9710,3.63
9711,4.11
9712,4.54
9713,3.89
9714,4.07
9715,3.49
9716,3.73
9717,3.78
9718,3.38
9719,3.42
9720,4.16
9721,4.14
9722,3.24
9723,3.67
9724,3.69
9725,4.43
9726,3.67
9727,4.02
9728,3.9
9729,3.8
9730,3.96
9731,3.83
9732,3.96
9733,4.32
9734,4.08
9735,3.93
9736,3.79
9737,3.9
9738,3.67
9739,3.98
9740,4.12
9741,4.23
9742,3.57
9743,3.84
9744,3.73
9745,3.52
9746,4.21
9747,4.28
9748,3.73
9749,3.58
9750,3.96
9751,4.22
9752,3.33
9753,4.4
9754,3.89
9755,3.51
9756,3.83
9757,4.43
9758,4.35
9759,3.54
9760,3.96
9761,4.02
9762,3.23
9763,3.61
9764,3.9
9765,3.85
9766,3.93
9767,4.01
9768,3.98
9769,4.15
9770,3.49
9771,3.54
9772,3.55
9773,3.83
9774,4.47
9775,3.96
9776,4.34
9777,3.48
9778,4.09
9779,4.03
9780,4.25
9781,4.44
9782,3.82
9783,4.44
9784,4.27
9785,3.54
9786,3.77
9787,3.77
9788,4.13
9789,3.74
9790,3.88
9791,3.41
9792,3.57
9793,3.88
9794,3.47
9795,3.88
9796,4.28
9797,3.96
9798,4.29
9799,3.95
9800,4.5
9801,3.68
9802,3.75
9803,3.95
9804,4.23
9805,3.93
9806,4.66
9807,3.85
9808,4.21
9809,3.58
9810,3.59
9811,4.27
9812,4.0
9813,3.49
9814,3.56
9815,3.97
9816,3.99
9817,4.23
9818,4.42
9819,3.96
9820,3.5
9821,4.06
9822,4.11
9823,3.62
9824,3.97
9825,3.95
9826,4.11
9827,3.97
9828,3.61
9829,3.16
9830,3.59
9831,3.48
9832,3.8
9833,3.72
9834,3.74
9835,4.24
9836,4.18
9837,3.44
9838,4.43
9839,3.74
9840,3.21
9841,3.71
9842,4.59
9843,4.13
9844,3.84
9845,4.09
9846,4.18
9847,3.58
9848,4.42
9849,4.13
9850,4.12
9851,4.29
9852,3.71
9853,3.97
9854,3.29
9855,3.68
9856,3.69
9857,3.81
9858,3.69
9859,3.82
9860,3.84
9861,3.92
9862,3.4
9863,3.73
9864,3.78
9865,4.11
9866,3.68
9867,4.23
9868,3.89
9869,3.99
9870,4.06
9871,4.22
9872,3.59
9873,4.38
9874,3.84
9875,3.61
9876,4.36
9877,3.92
9878,3.88
9879,3.82
9880,3.43
9881,3.63
9882,3.62
9883,3.66
9884,3.93
9885,3.56
9886,4.27
9887,3.57
9888,3.98
9889,3.77
9890,3.6
9891,4.0
9892,4.23
9893,3.81
9894,3.9
9895,3.69
9896,3.54
9897,4.0
9898,4.08
9899,4.02
9900,4.0
9901,4.05
9902,4.02
9903,3.9
9904,4.02
9905,3.42
9906,4.45
9907,3.2
9908,3.8
9909,3.91
9910,4.07
9911,3.94
9912,4.36
9913,4.23
9914,3.95
9915,3.65
9916,3.28
9917,3.76
9918,3.48
9919,3.87
9920,3.51
9921,4.23
9922,4.04
9923,4.54
9924,3.7
9925,3.7
9926,3.93
9927,3.78
9928,3.55
9929,3.43
9930,3.3
9931,3.63
9932,4.2
9933,4.4
9934,4.11
9935,4.12
9936,3.71
9937,3.66
9938,3.85
9939,3.98
9940,3.95
9941,4.03
9942,3.89
9943,4.51
9944,4.0
9945,4.33
9946,4.06
9947,3.4
9948,4.22
9949,3.59
9950,4.25
9951,3.68
9952,4.47
9953,4.28
9954,3.5
9955,3.78
9956,4.3
9957,3.35
9958,3.84
9959,4.1
9960,3.81
9961,3.38
9962,3.79
9963,3.67
9964,4.03
9965,3.35
9966,3.7
9967,4.16
9968,3.94
9969,3.88
9970,3.63
9971,3.69
9972,3.64
9973,4.18
9974,3.97
9975,4.01
9976,3.94
9977,3.71
9978,3.79
9979,4.0
9980,3.88
9981,3.95
9982,4.13
9983,4.36
9984,3.96
9985,3.72
9986,4.02
9987,4.06
9988,3.86
9989,4.38
9990,3.51
9991,3.72
9992,3.98
9993,4.01
9994,4.18
9995,3.09
9996,4.01
9997,4.45
9998,4.32
9999,3.71
10000,4.01
